year,gg_position,name,team,score,pred_rank,stat_H,stat_HR,stat_RBI,stat_R,stat_WAR,team_win_pct
2025,1B,디아즈,삼성,0.9947093290247832,1,173.0,50.0,158.0,93.0,5.8,0.521
2025,1B,오스틴,LG,0.054081227839018524,2,133.0,31.0,95.0,82.0,4.86,0.603
2025,1B,데이비슨,NC,0.0002907923945995409,3,113.0,36.0,97.0,63.0,2.72,0.514
2025,1B,위즈덤,KIA,0.00025072045017171236,4,100.0,35.0,85.0,73.0,3.49,0.464
2025,1B,문상철,KT,0.00011556331122409484,5,37.0,5.0,20.0,22.0,0.38,0.511
2025,1B,채은성,한화,4.7852860001954784e-05,6,138.0,19.0,88.0,54.0,1.37,0.593
2025,1B,나승엽,롯데,2.9698620468919386e-05,7,75.0,9.0,44.0,40.0,-0.07,0.478
2025,1B,서호철,NC,2.968143268277799e-05,8,70.0,3.0,30.0,25.0,-0.82,0.514
2025,1B,김태연,한화,2.9288205247319928e-05,9,79.0,3.0,20.0,40.0,0.49,0.593
2025,1B,황재균,KT,2.813571841168147e-05,10,106.0,7.0,48.0,50.0,0.48,0.511
2025,1B,강진성,키움,1.5631875093590968e-05,11,2.0,0.0,1.0,1.0,-0.16,0.336
2025,1B,고명준,SSG,1.2366269387249017e-05,12,131.0,17.0,64.0,46.0,0.79,0.536
2025,1B,강승호,두산,1.1980104958252332e-05,13,85.0,8.0,37.0,51.0,1.55,0.442
2025,1B,오태곤,SSG,1.0664922280613974e-05,14,39.0,5.0,26.0,31.0,-0.36,0.536
2025,1B,오선우,KIA,8.810437673145558e-06,15,116.0,18.0,56.0,58.0,0.03,0.464
2025,1B,최항,롯데,8.361173755735484e-06,16,1.0,0.0,1.0,1.0,0.02,0.478
2025,1B,홍성호,두산,8.1339915742376e-06,17,9.0,2.0,3.0,3.0,0.23,0.442
2025,1B,황대인,KIA,7.49527549796693e-06,18,10.0,1.0,8.0,3.0,-0.16,0.464
2025,1B,김민혁,두산,5.847426255988151e-06,19,2.0,1.0,1.0,2.0,0.14,0.442
2025,1B,박성재,두산,5.566178713314152e-06,20,0.0,0.0,0.0,0.0,-0.09,0.442
2025,1B,권광민,한화,4.6002341844543755e-06,21,3.0,0.0,0.0,2.0,-0.28,0.593
2025,1B,이호연,KT,3.883179159985219e-06,22,24.0,1.0,8.0,8.0,0.21,0.511
2025,1B,김주성,LG,3.1692633557428784e-06,23,3.0,1.0,1.0,3.0,0.01,0.603
2025,1B,양석환,두산,2.8619161255162293e-06,24,65.0,8.0,31.0,32.0,1.24,0.442
2025,1B,최주환,키움,2.328712984721644e-06,25,126.0,12.0,74.0,45.0,0.56,0.336
2025,1B,이정범,SSG,2.2473823403683032e-06,26,0.0,0.0,0.0,0.0,-0.07,0.536
2025,1B,김인환,한화,2.163022137485431e-06,27,2.0,1.0,3.0,2.0,-0.36,0.593
2025,1B,윤준혁,KT,2.127960285113703e-06,28,1.0,0.0,0.0,4.0,-0.18,0.511
2025,1B,김민수,LG,1.938811194489326e-06,29,2.0,0.0,1.0,0.0,-0.01,0.603
2025,2B,신민재,LG,0.8927414069815163,1,145.0,1.0,61.0,87.0,3.49,0.603
2025,2B,박민우,NC,0.31908800606381393,2,122.0,3.0,67.0,64.0,4.38,0.514
2025,2B,김상수,KT,0.000263993542174708,3,90.0,5.0,47.0,42.0,1.17,0.511
2025,2B,정준재,SSG,0.00024856367816935594,4,91.0,0.0,25.0,58.0,1.84,0.536
2025,2B,류지혁,삼성,6.123741346236764e-05,5,112.0,1.0,37.0,54.0,1.51,0.521
2025,2B,김선빈,KIA,6.120846180738167e-05,6,87.0,3.0,46.0,31.0,2.11,0.464
2025,2B,오윤석,KT,4.636949390740591e-05,7,40.0,0.0,19.0,30.0,0.66,0.511
2025,2B,서건창,KIA,1.7186032442736395e-05,8,3.0,1.0,2.0,1.0,-0.01,0.464
2025,2B,고영우,키움,1.4553470060869068e-05,9,5.0,0.0,2.0,4.0,-0.43,0.336
2025,2B,서유신,키움,1.2877210083459273e-05,10,0.0,0.0,0.0,0.0,-0.18,0.336
2025,2B,양도근,삼성,1.2064042638614692e-05,11,43.0,0.0,16.0,23.0,1.32,0.521
2025,2B,황영묵,한화,1.1477636619488412e-05,12,71.0,1.0,22.0,40.0,0.42,0.593
2025,2B,박계범,두산,1.1393088041761152e-05,13,46.0,1.0,27.0,23.0,-0.07,0.442
2025,2B,천성호,KT,1.0717240341689797e-05,14,14.0,0.0,7.0,10.0,0.92,0.511
2025,2B,홍종표,NC,9.477714034685168e-06,15,2.0,0.0,2.0,6.0,-0.77,0.514
2025,2B,도태훈,NC,8.070968561477531e-06,16,14.0,1.0,8.0,9.0,0.28,0.514
2025,2B,강민성,KT,7.540147791358086e-06,17,1.0,0.0,1.0,0.0,-0.46,0.511
2025,2B,이태경,롯데,7.381256767539199e-06,18,0.0,0.0,0.0,0.0,-0.02,0.478
2025,2B,천성호,LG,6.9718627283651004e-06,19,27.0,1.0,10.0,14.0,-0.37,0.603
2025,2B,김태진,키움,6.890176179249093e-06,20,65.0,5.0,25.0,27.0,-0.47,0.336
2025,2B,염승원,키움,6.8357638334031075e-06,21,4.0,0.0,1.0,2.0,-0.1,0.336
2025,2B,이승현,한화,6.433379339286047e-06,22,1.0,0.0,1.0,1.0,0.16,0.593
2025,2B,권혁빈,키움,6.409069014985873e-06,23,2.0,0.0,1.0,1.0,-0.3,0.336
2025,2B,이선우,두산,6.328780436041589e-06,24,2.0,0.0,0.0,0.0,-0.12,0.442
2025,2B,심재훈,삼성,6.105198016344573e-06,25,7.0,0.0,2.0,8.0,-0.15,0.521
2025,2B,이도윤,한화,6.093458887822762e-06,26,65.0,1.0,36.0,37.0,0.53,0.593
2025,2B,윤도현,KIA,6.037860814147263e-06,27,41.0,6.0,17.0,24.0,0.38,0.464
2025,2B,홍종표,KIA,5.9365489958874675e-06,28,10.0,0.0,1.0,10.0,0.15,0.464
2025,2B,김준상,두산,5.933731811131581e-06,29,3.0,0.0,0.0,1.0,-0.14,0.442
2025,2B,전태현,키움,5.476800909154979e-06,30,42.0,0.0,10.0,20.0,-0.23,0.336
2025,2B,고승민,롯데,5.248332268579349e-06,31,127.0,4.0,45.0,71.0,2.05,0.478
2025,2B,오명진,두산,3.960608828710276e-06,32,87.0,4.0,41.0,38.0,1.8,0.442
2025,2B,여동건,두산,3.808779225566702e-06,33,2.0,0.0,2.0,6.0,0.03,0.442
2025,2B,한태양,롯데,3.230871462366538e-06,34,63.0,2.0,22.0,42.0,1.52,0.478
2025,2B,김규성,KIA,3.0450581766013805e-06,35,45.0,3.0,16.0,30.0,0.53,0.464
2025,2B,송지후,키움,2.8660892566217213e-06,36,14.0,1.0,8.0,5.0,-0.34,0.336
2025,2B,양우현,삼성,2.7532052800757453e-06,37,3.0,0.0,4.0,3.0,-0.15,0.521
2025,2B,김병휘,키움,2.751614945694057e-06,38,1.0,0.0,0.0,2.0,-0.04,0.336
2025,2B,최정용,KIA,2.485956593302331e-06,39,1.0,0.0,0.0,0.0,0.02,0.464
2025,2B,김한별,NC,2.2261377089023545e-06,40,20.0,0.0,5.0,14.0,0.5,0.514
2025,2B,안주형,삼성,1.7871766052573542e-06,41,4.0,1.0,2.0,3.0,-0.3,0.521
2025,2B,이영빈,LG,1.2807688645842355e-06,42,15.0,3.0,9.0,12.0,-0.14,0.603
2025,3B,송성문,키움,0.9836932886627432,1,181.0,26.0,90.0,103.0,8.58,0.336
2025,3B,노시환,한화,0.5717790291427874,2,140.0,32.0,101.0,97.0,4.88,0.593
2025,3B,문보경,LG,0.271232551597182,3,142.0,24.0,108.0,91.0,4.18,0.603
2025,3B,구본혁,LG,0.0006385377504472421,4,98.0,1.0,38.0,41.0,3.59,0.603
2025,3B,박지환,SSG,5.527165549191831e-05,5,9.0,0.0,4.0,3.0,-0.95,0.536
2025,3B,손호영,롯데,3.4026278517953684e-05,6,82.0,4.0,41.0,39.0,0.2,0.478
2025,3B,허경민,KT,3.104276178871784e-05,7,119.0,4.0,44.0,47.0,1.68,0.511
2025,3B,김영웅,삼성,2.1743231559183288e-05,8,111.0,22.0,72.0,66.0,2.82,0.521
2025,3B,김휘집,NC,1.0238635391734332e-05,9,107.0,17.0,56.0,64.0,2.87,0.514
2025,3B,차승준,삼성,9.831278714387395e-06,10,0.0,0.0,0.0,0.0,-0.02,0.521
2025,3B,변우혁,KIA,9.468442839488935e-06,11,31.0,0.0,17.0,11.0,-0.11,0.464
2025,3B,양현종,키움,8.84685987842001e-06,12,1.0,0.0,0.0,1.0,-0.25,0.336
2025,3B,김도영,KIA,8.075728065755631e-06,13,34.0,7.0,27.0,20.0,1.33,0.464
2025,3B,전병우,삼성,7.095122670105856e-06,14,21.0,1.0,13.0,11.0,0.55,0.521
2025,3B,김민성,롯데,6.840457038433598e-06,15,52.0,3.0,35.0,25.0,0.15,0.478
2025,3B,여동욱,키움,5.867909950791611e-06,16,7.0,2.0,2.0,6.0,-0.37,0.336
2025,3B,김찬형,SSG,5.594834260682375e-06,17,13.0,0.0,5.0,4.0,-0.39,0.536
2025,3B,박준순,두산,5.498933830233749e-06,18,80.0,4.0,19.0,34.0,-0.05,0.442
2025,3B,박찬형,롯데,4.770897180764434e-06,19,44.0,3.0,19.0,21.0,1.19,0.478
2025,3B,김태윤,SSG,4.259093632592578e-06,20,1.0,0.0,0.0,0.0,0.11,0.536
2025,3B,문정빈,LG,3.8646340971947224e-06,21,5.0,2.0,4.0,5.0,0.11,0.603
2025,3B,석정우,SSG,3.7591235789935505e-06,22,13.0,2.0,4.0,3.0,-0.18,0.536
2025,3B,임종성,두산,3.731744896745189e-06,23,23.0,2.0,11.0,7.0,0.65,0.442
2025,3B,박민,KIA,2.9524736755306e-06,24,19.0,1.0,6.0,11.0,-0.15,0.464
2025,3B,안상현,SSG,2.455281754283728e-06,25,68.0,6.0,15.0,38.0,0.45,0.536
2025,3B,이승원,키움,2.4486213655567527e-06,26,0.0,0.0,0.0,0.0,-0.12,0.336
2025,3B,김수윤,SSG,1.7241496923602857e-06,27,1.0,0.0,0.0,0.0,-0.16,0.536
2025,3B,박지훈,두산,1.3461984289906264e-06,28,20.0,1.0,8.0,11.0,0.82,0.442
2025,3B,김성현,SSG,1.318014751786819e-06,29,25.0,1.0,11.0,15.0,-0.05,0.536
2025,C,양의지,두산,0.9540360072121478,1,153.0,20.0,89.0,56.0,6.79,0.442
2025,C,박동원,LG,0.49573298468547716,2,114.0,22.0,76.0,57.0,5.12,0.603
2025,C,강민호,삼성,0.005707958224189169,3,111.0,12.0,71.0,37.0,2.59,0.521
2025,C,최재훈,한화,0.0012399184040431807,4,77.0,1.0,35.0,28.0,3.23,0.593
2025,C,김형준,NC,0.00025878350781432857,5,84.0,18.0,55.0,51.0,3.27,0.514
2025,C,유강남,롯데,2.8276795646176593e-05,6,83.0,5.0,38.0,35.0,2.09,0.478
2025,C,안중열,NC,1.0896094873573037e-05,7,7.0,0.0,6.0,2.0,-0.39,0.514
2025,C,김태군,KIA,1.0853104771818883e-05,8,61.0,5.0,31.0,20.0,1.77,0.464
2025,C,김건희,키움,1.0645235655019618e-05,9,78.0,3.0,25.0,24.0,0.3,0.336
2025,C,박세혁,NC,9.904056368120697e-06,10,14.0,2.0,10.0,8.0,-0.66,0.514
2025,C,박진우,삼성,9.831278714387395e-06,11,0.0,0.0,0.0,0.0,-0.02,0.521
2025,C,김성재,두산,9.534945520662158e-06,12,0.0,0.0,0.0,0.0,-0.02,0.442
2025,C,한준수,KIA,9.404426384295354e-06,13,55.0,7.0,26.0,33.0,0.66,0.464
2025,C,조대현,KT,8.970591591313704e-06,14,14.0,0.0,11.0,7.0,-0.39,0.511
2025,C,장성우,KT,8.815267915214473e-06,15,102.0,14.0,58.0,44.0,2.27,0.511
2025,C,박건우,롯데,8.141564527827554e-06,16,2.0,0.0,1.0,1.0,0.05,0.478
2025,C,김정호,NC,8.094992108853665e-06,17,4.0,0.0,0.0,3.0,0.26,0.514
2025,C,김기연,두산,6.880660112925435e-06,18,54.0,2.0,24.0,19.0,0.3,0.442
2025,C,이율예,SSG,6.75079366840989e-06,19,3.0,3.0,7.0,3.0,0.08,0.536
2025,C,류현준,두산,6.328780436041589e-06,20,3.0,0.0,1.0,2.0,-0.32,0.442
2025,C,한승택,KIA,6.228225272890506e-06,21,5.0,0.0,0.0,3.0,0.08,0.464
2025,C,이지영,SSG,5.858856864139221e-06,22,47.0,3.0,18.0,13.0,-0.06,0.536
2025,C,이병헌,삼성,5.801458923913677e-06,23,11.0,1.0,7.0,5.0,-0.1,0.521
2025,C,손성빈,롯데,5.004638197464496e-06,24,9.0,1.0,3.0,6.0,-0.2,0.478
2025,C,장승현,두산,4.71428681470615e-06,25,0.0,0.0,0.0,0.0,-0.07,0.442
2025,C,강현우,KT,4.573174431714018e-06,26,12.0,1.0,8.0,5.0,-0.11,0.511
2025,C,강승구,롯데,4.1329564550208685e-06,27,0.0,0.0,0.0,0.0,-0.01,0.478
2025,C,박재엽,롯데,4.057608046703633e-06,28,4.0,1.0,3.0,2.0,0.22,0.478
2025,C,이주헌,LG,3.8232577407615156e-06,29,28.0,4.0,9.0,22.0,0.65,0.603
2025,C,김동헌,키움,3.444723974011653e-06,30,22.0,0.0,8.0,8.0,0.4,0.336
2025,C,김도환,삼성,3.2394855636846715e-06,31,4.0,0.0,1.0,3.0,0.06,0.521
2025,C,김재성,삼성,3.070339860420427e-06,32,8.0,0.0,4.0,3.0,-0.37,0.521
2025,C,박민준,두산,2.5218326139545936e-06,33,0.0,0.0,0.0,0.0,-0.12,0.442
2025,C,김재현,키움,2.4574466329708816e-06,34,25.0,0.0,5.0,12.0,-0.56,0.336
2025,C,조형우,SSG,1.78406543557431e-06,35,64.0,4.0,29.0,23.0,0.59,0.536
2025,C,신범수,SSG,1.6256575530620941e-06,36,6.0,1.0,3.0,1.0,0.11,0.536
2025,C,장규현,한화,1.621557580473656e-06,37,1.0,0.0,0.0,1.0,0.11,0.593
2025,C,주효상,KIA,1.5309099444422244e-06,38,5.0,0.0,1.0,1.0,0.09,0.464
2025,C,허인서,한화,1.4625600979165042e-06,39,5.0,0.0,2.0,2.0,-0.11,0.593
2025,C,김성우,LG,1.3911968714635162e-06,40,1.0,0.0,1.0,0.0,-0.04,0.603
2025,C,이재원,한화,1.2156603290959545e-06,41,25.0,1.0,12.0,4.0,0.23,0.593
2025,C,정보근,롯데,1.1760295877599687e-06,42,24.0,1.0,15.0,4.0,0.02,0.478
2025,DH,최형우,KIA,0.7756695596434687,1,144.0,24.0,86.0,74.0,4.37,0.464
2025,DH,전준우,롯데,0.004170582428264412,2,120.0,8.0,70.0,50.0,1.39,0.478
2025,DH,최정,SSG,0.001248444286188226,3,83.0,23.0,63.0,54.0,1.41,0.536
2025,DH,손아섭,NC,3.534748001167506e-05,4,72.0,0.0,33.0,21.0,1.21,0.514
2025,DH,박병호,삼성,2.9935947941744937e-05,5,39.0,15.0,33.0,26.0,0.36,0.521
2025,DH,강백호,KT,1.853402237289698e-05,6,85.0,15.0,61.0,41.0,1.68,0.511
2025,DH,최인호,한화,1.7612089817330585e-05,7,36.0,2.0,19.0,7.0,0.05,0.593
2025,DH,김재환,두산,1.4497593439420243e-05,8,83.0,13.0,50.0,42.0,1.91,0.442
2025,DH,안치홍,한화,1.3537860413984343e-05,9,30.0,2.0,18.0,9.0,-1.34,0.593
2025,DH,김준태,LG,1.2140645104511004e-05,10,1.0,0.0,0.0,1.0,0.1,0.603
2025,DH,고승완,NC,8.278466630734928e-06,11,2.0,0.0,0.0,5.0,-0.18,0.514
2025,DH,김동엽,키움,8.006918688813061e-06,12,6.0,0.0,2.0,2.0,-0.14,0.336
2025,DH,오영수,NC,7.877430795663147e-06,13,36.0,3.0,23.0,14.0,0.05,0.514
2025,DH,홍대인,SSG,7.748404469680677e-06,14,1.0,0.0,0.0,3.0,-0.24,0.536
2025,DH,카디네스,키움,7.175554793780666e-06,15,81.0,7.0,42.0,33.0,-0.23,0.336
2025,DH,이승민,SSG,7.099609488573175e-06,16,1.0,0.0,0.0,0.0,-0.06,0.536
2025,DH,정훈,롯데,5.80135832496792e-06,17,40.0,2.0,11.0,14.0,-0.65,0.478
2025,DH,김동준,두산,5.429155689126033e-06,18,22.0,2.0,10.0,8.0,-0.65,0.442
2025,DH,손용준,LG,5.245661140297438e-06,19,3.0,0.0,1.0,3.0,-0.13,0.603
2025,DH,손아섭,한화,5.1466882833794785e-06,20,35.0,1.0,17.0,18.0,-0.05,0.593
2025,DH,현원회,SSG,4.817564230904306e-06,21,18.0,1.0,6.0,6.0,0.17,0.536
2025,DH,송승환,NC,4.248895954805411e-06,22,3.0,0.0,2.0,0.0,-0.24,0.514
2025,DH,김웅빈,키움,3.7206132347889967e-06,23,2.0,0.0,0.0,1.0,-0.25,0.336
2025,DH,노진혁,롯데,3.1756206473269545e-06,24,17.0,1.0,5.0,11.0,-0.16,0.478
2025,DH,강현구,두산,2.6481020829783703e-06,25,0.0,0.0,0.0,0.0,-0.05,0.442
2025,DH,류효승,SSG,2.5515058459462425e-06,26,27.0,6.0,16.0,18.0,0.37,0.536
2025,DH,한재환,NC,2.3226193574459173e-06,27,5.0,0.0,4.0,2.0,-0.03,0.514
2025,DH,이창용,삼성,2.1232921940579704e-06,28,3.0,1.0,2.0,2.0,-0.07,0.521
2025,DH,박정현,한화,2.080909699913556e-06,29,0.0,0.0,0.0,0.0,-0.05,0.593
2025,DH,이주형,키움,1.655818643807795e-06,30,5.0,0.0,2.0,2.0,0.11,0.336
2025,DH,이원석,키움,1.4307725075352694e-06,31,1.0,0.0,0.0,1.0,-0.09,0.336
2025,Outfielders,구자욱,삼성,0.7252574432636348,1,169.0,19.0,96.0,106.0,4.48,0.521
2025,Outfielders,김성윤,삼성,0.5560607625807816,2,151.0,6.0,61.0,92.0,5.5,0.521
2025,Outfielders,레이예스,롯데,0.13011733772468154,3,187.0,13.0,107.0,75.0,3.21,0.478
2025,Outfielders,안현민,KT,0.03793384622064477,4,132.0,22.0,80.0,72.0,6.77,0.511
2025,Outfielders,문현빈,한화,0.028676187989042288,5,169.0,12.0,80.0,71.0,2.42,0.593
2025,Outfielders,박해민,LG,0.020673295523481926,6,122.0,3.0,43.0,80.0,4.55,0.603
2025,Outfielders,김현수,LG,0.018668491408111776,7,144.0,12.0,90.0,66.0,3.36,0.603
2025,Outfielders,에레디아,SSG,0.005740707762603513,8,127.0,13.0,54.0,46.0,3.54,0.536
2025,Outfielders,문성주,LG,0.0025024466212916863,9,145.0,3.0,70.0,57.0,2.61,0.603
2025,Outfielders,케이브,두산,0.0004193307245109018,10,161.0,16.0,87.0,72.0,4.3,0.442
2025,Outfielders,김호령,KIA,0.000231270783093199,11,94.0,6.0,39.0,46.0,2.82,0.464
2025,Outfielders,박건우,NC,0.00023058563729702402,12,111.0,9.0,67.0,43.0,1.85,0.514
2025,Outfielders,홍창기,LG,7.173616925486897e-05,13,50.0,1.0,16.0,32.0,0.99,0.603
2025,Outfielders,리베라토,한화,6.953373900717044e-05,14,77.0,10.0,39.0,41.0,2.0,0.593
2025,Outfielders,장진혁,KT,6.361947310317269e-05,15,29.0,4.0,19.0,19.0,-0.01,0.511
2025,Outfielders,최지훈,SSG,6.101928745776037e-05,16,147.0,7.0,45.0,66.0,2.3,0.536
2025,Outfielders,조수행,두산,5.959102338515371e-05,17,29.0,0.0,9.0,30.0,-0.06,0.442
2025,Outfielders,나성범,KIA,4.350770550029847e-05,18,70.0,10.0,36.0,30.0,1.91,0.464
2025,Outfielders,황성빈,롯데,4.111608847777268e-05,19,63.0,1.0,22.0,43.0,0.14,0.478
2025,Outfielders,이성규,삼성,4.01368487759108e-05,20,25.0,6.0,21.0,17.0,1.23,0.521
2025,Outfielders,김지찬,삼성,3.828930106710476e-05,21,89.0,0.0,23.0,59.0,0.94,0.521
2025,Outfielders,이진영,한화,3.5576865970399406e-05,22,88.0,11.0,43.0,49.0,1.99,0.593
2025,Outfielders,푸이그,키움,3.432846985480712e-05,23,33.0,6.0,20.0,17.0,-0.37,0.336
2025,Outfielders,이창진,KIA,3.240679033398287e-05,24,15.0,1.0,9.0,11.0,-0.1,0.464
2025,Outfielders,하재훈,SSG,3.031700321504271e-05,25,8.0,3.0,8.0,6.0,-0.48,0.536
2025,Outfielders,윤정빈,삼성,2.9809141132769414e-05,26,7.0,0.0,3.0,3.0,-0.67,0.521
2025,Outfielders,윤동희,롯데,2.685870565356328e-05,27,93.0,9.0,53.0,54.0,3.14,0.478
2025,Outfielders,김민혁,KT,2.3790393413862432e-05,28,109.0,0.0,35.0,52.0,-0.15,0.511
2025,Outfielders,이우성,KIA,2.311112878858612e-05,29,34.0,2.0,15.0,11.0,-0.52,0.464
2025,Outfielders,김인태,두산,2.126373395370952e-05,30,39.0,3.0,25.0,17.0,0.8,0.442
2025,Outfielders,이주형,키움,2.0472224293288383e-05,31,107.0,11.0,45.0,55.0,2.93,0.336
2025,Outfielders,정수빈,두산,2.041687339120776e-05,32,119.0,6.0,38.0,89.0,2.83,0.442
2025,Outfielders,이용규,키움,2.0337557811001195e-05,33,8.0,0.0,0.0,7.0,-0.22,0.336
2025,Outfielders,플로리얼,한화,1.9942854906358274e-05,34,70.0,8.0,29.0,36.0,1.78,0.593
2025,Outfielders,임지열,키움,1.638146398560043e-05,35,90.0,11.0,50.0,51.0,1.04,0.336
2025,Outfielders,최정원,NC,1.5111127866333966e-05,36,33.0,0.0,11.0,40.0,1.31,0.514
2025,Outfielders,김성욱,NC,1.2742158944621751e-05,37,1.0,0.0,0.0,0.0,-0.47,0.514
2025,Outfielders,박승규,삼성,1.1561450527096317e-05,38,50.0,6.0,14.0,39.0,1.33,0.521
2025,Outfielders,천현재,두산,1.103371878941078e-05,39,0.0,0.0,0.0,0.0,-0.21,0.442
2025,Outfielders,임병욱,키움,1.0975837325758904e-05,40,31.0,2.0,13.0,12.0,-0.66,0.336
2025,Outfielders,이우성,NC,1.0881361661576334e-05,41,41.0,1.0,18.0,17.0,0.17,0.514
2025,Outfielders,임근우,SSG,1.0648198779746238e-05,42,0.0,0.0,0.0,0.0,-0.03,0.536
2025,Outfielders,최준우,SSG,1.019225378052995e-05,43,29.0,3.0,22.0,17.0,-0.29,0.536
2025,Outfielders,김성욱,SSG,9.502901498514727e-06,44,23.0,2.0,13.0,10.0,-0.26,0.536
2025,Outfielders,이형종,키움,9.295652920151679e-06,45,14.0,2.0,6.0,4.0,0.19,0.336
2025,Outfielders,배정대,KT,9.267952770155246e-06,46,49.0,2.0,28.0,25.0,-0.03,0.511
2025,Outfielders,김헌곤,삼성,8.803067276371587e-06,47,39.0,2.0,11.0,21.0,-0.98,0.521
2025,Outfielders,전다민,두산,8.677436301297772e-06,48,1.0,0.0,0.0,5.0,-0.31,0.442
2025,Outfielders,천재환,NC,8.297892201218918e-06,49,62.0,6.0,31.0,47.0,0.06,0.514
2025,Outfielders,스톤,키움,8.074723978165332e-06,50,21.0,2.0,15.0,4.0,-0.64,0.336
2025,Outfielders,이정훈,KT,7.759743823658174e-06,51,34.0,4.0,14.0,20.0,-0.08,0.511
2025,Outfielders,함수호,삼성,7.585288439832547e-06,52,3.0,0.0,1.0,1.0,-0.07,0.521
2025,Outfielders,최원준,KIA,7.231853710176538e-06,53,52.0,4.0,19.0,28.0,-0.73,0.464
2025,Outfielders,최원준,NC,7.120888811055085e-06,54,48.0,2.0,25.0,34.0,-0.58,0.514
2025,Outfielders,한유섬,SSG,6.837130996966614e-06,55,124.0,15.0,71.0,50.0,1.82,0.536
2025,Outfielders,김동혁,롯데,6.820530382002328e-06,56,20.0,0.0,6.0,19.0,0.83,0.478
2025,Outfielders,이민재,한화,6.6519509846062936e-06,57,0.0,0.0,0.0,0.0,-0.12,0.593
2025,Outfielders,박재현,KIA,6.621046741451717e-06,58,5.0,0.0,3.0,11.0,-1.49,0.464
2025,Outfielders,박수종,키움,6.3160347915493736e-06,59,6.0,1.0,2.0,6.0,-0.12,0.336
2025,Outfielders,최원영,LG,6.3014156688450255e-06,60,29.0,0.0,2.0,37.0,0.77,0.603
2025,Outfielders,최성민,KT,6.109193017343443e-06,61,2.0,0.0,2.0,3.0,-0.13,0.511
2025,Outfielders,정해원,KIA,6.071817110750087e-06,62,3.0,0.0,0.0,5.0,-0.39,0.464
2025,Outfielders,박헌,KIA,6.071817110750087e-06,63,1.0,0.0,0.0,0.0,-0.2,0.464
2025,Outfielders,장두성,롯데,5.988672285246491e-06,64,65.0,0.0,25.0,51.0,0.71,0.478
2025,Outfielders,박정우,KIA,5.790485586696641e-06,65,17.0,0.0,4.0,17.0,0.45,0.464
2025,Outfielders,스티븐슨,KT,5.76678156168705e-06,66,39.0,3.0,14.0,26.0,0.45,0.511
2025,Outfielders,맥브룸,SSG,5.346356036439496e-06,67,15.0,4.0,11.0,8.0,-0.17,0.536
2025,Outfielders,최상민,SSG,5.209184386685329e-06,68,1.0,0.0,1.0,5.0,-0.14,0.536
2025,Outfielders,김병준,KT,5.016690522434885e-06,69,1.0,0.0,0.0,2.0,-0.04,0.511
2025,Outfielders,한승현,롯데,4.899274934749851e-06,70,1.0,0.0,1.0,1.0,-0.18,0.478
2025,Outfielders,박주홍,키움,4.866647160654045e-06,71,56.0,3.0,23.0,33.0,0.19,0.336
2025,Outfielders,김현종,LG,4.8119413344449395e-06,72,2.0,0.0,0.0,3.0,0.03,0.603
2025,Outfielders,고종욱,KIA,4.60596041069174e-06,73,34.0,3.0,16.0,13.0,0.18,0.464
2025,Outfielders,박관우,LG,4.465947302256908e-06,74,14.0,2.0,13.0,12.0,0.04,0.603
2025,Outfielders,권희동,NC,3.903337753152097e-06,75,88.0,6.0,39.0,56.0,2.76,0.514
2025,Outfielders,홍현빈,삼성,3.761385348040531e-06,76,4.0,0.0,0.0,8.0,-0.06,0.521
2025,Outfielders,박한결,NC,3.7196456168988246e-06,77,2.0,2.0,3.0,2.0,-0.05,0.514
2025,Outfielders,김범준,NC,3.559397362624152e-06,78,0.0,0.0,0.0,0.0,-0.02,0.514
2025,Outfielders,주성원,키움,3.187567344203128e-06,79,39.0,1.0,12.0,21.0,0.13,0.336
2025,Outfielders,로하스,KT,3.187313691049107e-06,80,79.0,14.0,43.0,48.0,1.21,0.511
2025,Outfielders,채현우,SSG,3.1133393142122715e-06,81,9.0,1.0,9.0,8.0,0.11,0.536
2025,Outfielders,신윤후,롯데,3.0006886545858106e-06,82,2.0,0.0,0.0,1.0,-0.21,0.478
2025,Outfielders,송찬의,LG,2.901569053242305e-06,83,31.0,3.0,20.0,18.0,0.03,0.603
2025,Outfielders,추재현,두산,2.8914353426137826e-06,84,18.0,1.0,7.0,7.0,-0.53,0.442
2025,Outfielders,유로결,한화,2.873695923288681e-06,85,2.0,0.0,0.0,1.0,-0.37,0.593
2025,Outfielders,이원석,한화,2.8044893143571023e-06,86,43.0,4.0,24.0,60.0,0.58,0.593
2025,Outfielders,박영빈,NC,2.626560386683928e-06,87,1.0,0.0,1.0,8.0,0.03,0.514
2025,Outfielders,김건형,KT,2.6022316253097393e-06,88,0.0,0.0,0.0,0.0,-0.08,0.511
2025,Outfielders,안치영,KT,2.432909419076296e-06,89,10.0,1.0,6.0,9.0,0.09,0.511
2025,Outfielders,김석환,KIA,2.4277104616624918e-06,90,31.0,2.0,16.0,14.0,-0.08,0.464
2025,Outfielders,유준규,KT,2.424335286953018e-06,91,4.0,0.0,3.0,13.0,-0.12,0.511
2025,Outfielders,변상권,키움,2.361292940607715e-06,92,5.0,0.0,4.0,2.0,-0.13,0.336
2025,Outfielders,김민석,두산,2.337673243539236e-06,93,52.0,1.0,21.0,21.0,-1.31,0.442
2025,Outfielders,김태훈,삼성,2.2996957608651477e-06,94,22.0,2.0,8.0,4.0,-0.39,0.521
2025,Outfielders,김재혁,삼성,2.178651369855314e-06,95,0.0,0.0,0.0,2.0,-0.26,0.521
2025,Outfielders,한석현,NC,2.1585572054198184e-06,96,22.0,3.0,21.0,18.0,0.26,0.514
2025,Outfielders,정현승,SSG,2.1164940555749233e-06,97,1.0,0.0,0.0,0.0,0.01,0.536
2025,Outfielders,김대한,두산,2.0565904201902698e-06,98,7.0,1.0,5.0,1.0,-0.32,0.442
2025,Outfielders,원성준,키움,2.040088469198623e-06,99,8.0,2.0,4.0,5.0,-0.03,0.336
2025,Outfielders,오태양,NC,2.0221698802686643e-06,100,3.0,0.0,1.0,6.0,-0.04,0.514
2025,Outfielders,이상혁,한화,1.883058077504557e-06,101,2.0,0.0,2.0,14.0,-0.3,0.593
2025,Outfielders,박시원,NC,1.8196725740190705e-06,102,11.0,1.0,4.0,12.0,-0.41,0.514
2025,Outfielders,최승민,LG,1.6023867362850432e-06,103,0.0,0.0,0.0,6.0,-0.46,0.603
2025,Outfielders,함창건,LG,1.5155624363326697e-06,104,6.0,0.0,2.0,2.0,0.1,0.603
2025,Outfielders,조세진,롯데,1.4170232106714535e-06,105,1.0,0.0,0.0,1.0,-0.11,0.478
2025,Outfielders,임종찬,한화,1.359174481392739e-06,106,5.0,1.0,2.0,2.0,-0.14,0.593
2025,Outfielders,김태근,삼성,1.3404407128587997e-06,107,4.0,0.0,0.0,2.0,-0.02,0.521
2025,P,폰세,한화,0.9953292607982115,1,128.0,10.0,,41.0,8.38,0.593
2025,P,앤더슨,SSG,0.9415033698802663,2,121.0,13.0,,53.0,6.54,0.536
2025,P,후라도,삼성,0.3290407880811862,3,177.0,17.0,,65.0,7.57,0.521
2025,P,치리노스,LG,0.2355561986959973,4,173.0,5.0,,71.0,5.21,0.603
2025,P,와이스,한화,0.10586898902142546,5,127.0,13.0,,63.0,5.95,0.593
2025,P,임찬규,LG,0.02120649737736281,6,163.0,9.0,,61.0,4.9,0.603
2025,P,원태인,삼성,0.010650620582113544,7,157.0,20.0,,66.0,4.91,0.521
2025,P,화이트,SSG,0.005401203592835678,8,111.0,9.0,,51.0,4.24,0.536
2025,P,라일리,NC,0.003935593639860853,9,136.0,18.0,,76.0,4.34,0.514
2025,P,네일,KIA,0.0028232256839752575,10,135.0,6.0,,46.0,6.59,0.464
2025,P,류현진,한화,0.001071644657667052,11,144.0,12.0,,54.0,4.03,0.593
2025,P,잭로그,두산,0.0008146382525418732,12,146.0,8.0,,66.0,5.34,0.442
2025,P,김광현,SSG,0.0006748564062109372,13,164.0,13.0,,86.0,1.62,0.536
2025,P,소형준,KT,0.0006156072377517467,14,155.0,6.0,,60.0,3.72,0.511
2025,P,올러,KIA,0.0004904766475687075,15,125.0,8.0,,64.0,3.61,0.464
2025,P,손주영,LG,0.00038243462374089467,16,153.0,8.0,,67.0,3.82,0.603
2025,P,데이비슨,롯데,0.00029828138585122213,17,123.0,10.0,,53.0,3.38,0.478
2025,P,고영표,KT,0.00025316766051657584,18,170.0,10.0,,70.0,4.17,0.511
2025,P,한승혁,한화,0.0002354038910377671,19,56.0,4.0,,18.0,2.54,0.593
2025,P,김기중,한화,0.00021243237181527012,20,16.0,0.0,,5.0,0.3,0.593
2025,P,최준호,두산,0.00016672837986879115,21,18.0,4.0,,15.0,-0.13,0.442
2025,P,송영진,SSG,0.0001489570434651695,22,77.0,10.0,,45.0,0.17,0.536
2025,P,이정용,LG,0.00011508969312805225,23,32.0,3.0,,19.0,0.57,0.603
2025,P,신민혁,NC,0.00011126338129812785,24,148.0,23.0,,76.0,1.93,0.514
2025,P,알칸타라,키움,0.00010145141568080025,25,125.0,11.0,,50.0,3.0,0.336
2025,P,오승환,삼성,9.924943008960492e-05,26,15.0,1.0,,8.0,-0.13,0.521
2025,P,엄상백,한화,9.540000106275422e-05,27,106.0,13.0,,60.0,-0.19,0.593
2025,P,조상우,KIA,9.37095477701853e-05,28,64.0,5.0,,29.0,1.03,0.464
2025,P,조병현,SSG,9.174163831552265e-05,29,42.0,5.0,,13.0,3.37,0.536
2025,P,양현종,KIA,9.113432207256758e-05,30,171.0,12.0,,101.0,0.86,0.464
2025,P,구승민,롯데,8.903877404685427e-05,31,9.0,1.0,,10.0,-0.22,0.478
2025,P,조이현,KT,8.891176967756244e-05,32,17.0,2.0,,7.0,0.17,0.511
2025,P,김유영,LG,6.3984364120607e-05,33,8.0,0.0,,6.0,-0.23,0.603
2025,P,송승기,LG,6.341177246759458e-05,34,149.0,15.0,,61.0,3.55,0.603
2025,P,김범수,한화,6.139390179740185e-05,35,30.0,0.0,,17.0,1.33,0.593
2025,P,최원태,삼성,5.9165911487031645e-05,36,128.0,13.0,,72.0,1.73,0.521
2025,P,김명신,두산,5.6129982728256916e-05,37,13.0,0.0,,8.0,-0.2,0.442
2025,P,강재민,한화,5.244521075968115e-05,38,6.0,1.0,,4.0,-0.07,0.593
2025,P,이로운,SSG,5.0382546682190036e-05,39,56.0,7.0,,19.0,2.85,0.536
2025,P,전상현,KIA,5.0187136143180746e-05,40,64.0,4.0,,30.0,1.36,0.464
2025,P,가라비토,삼성,4.967263798702678e-05,41,56.0,6.0,,31.0,2.54,0.521
2025,P,김시훈,NC,4.928641010641345e-05,42,22.0,4.0,,15.0,-0.37,0.514
2025,P,이승현,삼성,4.716747428199496e-05,43,121.0,10.0,,64.0,1.39,0.521
2025,P,함덕주,LG,4.6998187951633274e-05,44,14.0,1.0,,19.0,-0.07,0.603
2025,P,박세웅,롯데,4.541799620397391e-05,45,183.0,15.0,,99.0,1.95,0.478
2025,P,장현식,LG,4.480490604488646e-05,46,65.0,4.0,,27.0,0.73,0.603
2025,P,황동하,KIA,4.17625593564689e-05,47,38.0,4.0,,21.0,0.06,0.464
2025,P,김성민,키움,4.1251951544325466e-05,48,25.0,1.0,,15.0,-0.25,0.336
2025,P,박영현,KT,4.10221402559839e-05,49,68.0,9.0,,31.0,0.95,0.511
2025,P,심재민,롯데,4.098675371187848e-05,50,5.0,0.0,,2.0,-0.04,0.478
2025,P,이우찬,LG,4.0621766627082125e-05,51,13.0,0.0,,6.0,0.46,0.603
2025,P,김재윤,삼성,3.936903486287627e-05,52,57.0,10.0,,34.0,0.47,0.521
2025,P,문동주,한화,3.9239804495542505e-05,53,112.0,7.0,,57.0,2.53,0.593
2025,P,콜어빈,두산,3.919963901263214e-05,54,142.0,9.0,,80.0,2.57,0.442
2025,P,김진욱,롯데,3.9002945326233786e-05,55,42.0,10.0,,32.0,-0.73,0.478
2025,P,서진용,SSG,3.771181301900798e-05,56,1.0,0.0,,1.0,-0.02,0.536
2025,P,오원석,KT,3.76168596462447e-05,57,130.0,10.0,,60.0,3.35,0.511
2025,P,반즈,롯데,3.546952319879349e-05,58,47.0,4.0,,31.0,0.3,0.478
2025,P,김도현,KIA,3.461697226901871e-05,59,149.0,11.0,,79.0,0.97,0.464
2025,P,헤이수스,KT,3.4435656572862415e-05,60,173.0,17.0,,85.0,2.47,0.511
2025,P,감보아,롯데,3.309762983734737e-05,61,97.0,6.0,,54.0,2.35,0.478
2025,P,정해영,KIA,3.187410946858709e-05,62,75.0,4.0,,30.0,0.7,0.464
2025,P,윤영철,KIA,3.135791444546236e-05,63,52.0,4.0,,37.0,0.18,0.464
2025,P,박상원,한화,3.0470763239577643e-05,64,67.0,4.0,,35.0,0.73,0.593
2025,P,이교훈,두산,3.0060828219269666e-05,65,4.0,0.0,,2.0,0.17,0.442
2025,P,김태훈,삼성,2.7656442729568668e-05,66,66.0,8.0,,34.0,1.27,0.521
2025,P,박정수,두산,2.6407279766544007e-05,67,31.0,1.0,,13.0,0.33,0.442
2025,P,최민석,두산,2.566795559067086e-05,68,72.0,7.0,,41.0,1.43,0.442
2025,P,정우영,LG,2.406289190658877e-05,69,1.0,1.0,,6.0,-0.11,0.603
2025,P,박진형,롯데,2.3930175601501913e-05,70,9.0,1.0,,7.0,-0.1,0.478
2025,P,최성훈,삼성,2.3708592855900962e-05,71,1.0,0.0,,1.0,0.03,0.521
2025,P,하영민,키움,2.36494332249001e-05,72,169.0,13.0,,90.0,1.41,0.336
2025,P,김녹원,NC,2.3254006134907738e-05,73,75.0,10.0,,53.0,0.32,0.514
2025,P,주현상,한화,2.243956602235749e-05,74,59.0,8.0,,25.0,-0.12,0.593
2025,P,구창모,NC,2.2377055135378918e-05,75,14.0,1.0,,4.0,0.67,0.514
2025,P,김민수,KT,2.183999244443796e-05,76,63.0,5.0,,31.0,0.43,0.511
2025,P,김민,SSG,2.1578958215475576e-05,77,60.0,7.0,,23.0,1.99,0.536
2025,P,김택연,두산,2.144970832178079e-05,78,47.0,6.0,,31.0,1.32,0.442
2025,P,최준용,롯데,2.144631438507063e-05,79,50.0,5.0,,35.0,0.33,0.478
2025,P,김윤하,키움,2.1056524473935103e-05,80,113.0,16.0,,76.0,-0.84,0.336
2025,P,최민준,SSG,2.096966498793329e-05,81,72.0,6.0,,34.0,0.99,0.536
2025,P,김영우,LG,2.091310590457519e-05,82,49.0,2.0,,17.0,1.5,0.603
2025,P,김선기,키움,2.0457900613197677e-05,83,96.0,6.0,,55.0,-0.29,0.336
2025,P,이의리,KIA,2.022636629556621e-05,84,41.0,6.0,,37.0,-0.36,0.464
2025,P,임정호,NC,1.9654164235518182e-05,85,18.0,3.0,,13.0,-0.87,0.514
2025,P,홍건희,두산,1.822149189898669e-05,86,18.0,2.0,,13.0,0.01,0.442
2025,P,최승용,두산,1.7738312909911126e-05,87,121.0,8.0,,60.0,1.7,0.442
2025,P,황동재,삼성,1.7439243010581852e-05,88,27.0,1.0,,16.0,0.1,0.521
2025,P,김기훈,KIA,1.7364055644588053e-05,89,25.0,2.0,,11.0,0.36,0.464
2025,P,김영규,NC,1.727138478501233e-05,90,40.0,3.0,,17.0,1.21,0.514
2025,P,정현우,키움,1.7221729963188684e-05,91,92.0,8.0,,63.0,-0.26,0.336
2025,P,레예스,삼성,1.715820283388755e-05,92,51.0,5.0,,26.0,1.06,0.521
2025,P,이준영,KIA,1.6725086450894847e-05,93,36.0,6.0,,18.0,-0.14,0.464
2025,P,육선엽,삼성,1.6302144242269165e-05,94,23.0,4.0,,21.0,0.0,0.521
2025,P,박시후,SSG,1.6269682403337887e-05,95,45.0,5.0,,24.0,0.38,0.536
2025,P,이지강,LG,1.5890675165763784e-05,96,50.0,4.0,,29.0,-0.04,0.603
2025,P,곽빈,두산,1.5709682473115234e-05,97,96.0,9.0,,55.0,2.01,0.442
2025,P,이상민,삼성,1.5152611610887707e-05,98,2.0,0.0,,0.0,0.04,0.521
2025,P,쿠에바스,KT,1.4845706126212499e-05,99,104.0,13.0,,69.0,0.37,0.511
2025,P,김정엽,KIA,1.4673555655517434e-05,100,0.0,0.0,,2.0,-0.01,0.464
2025,P,최원준,두산,1.4571888554035168e-05,101,105.0,18.0,,59.0,0.95,0.442
2025,P,장재혁,KIA,1.4228956420277525e-05,102,3.0,1.0,,2.0,-0.01,0.464
2025,P,김시훈,KIA,1.416537068876123e-05,103,11.0,3.0,,10.0,-0.36,0.464
2025,P,이승현,삼성,1.4159797298261671e-05,104,43.0,9.0,,26.0,-0.46,0.521
2025,P,박치국,두산,1.4154024709860531e-05,105,58.0,4.0,,35.0,0.22,0.442
2025,P,하준영,NC,1.403034427543499e-05,106,10.0,0.0,,4.0,-0.15,0.514
2025,P,최성영,NC,1.3949420674366864e-05,107,62.0,6.0,,33.0,-0.54,0.514
2025,P,김택형,SSG,1.3490272332127613e-05,108,19.0,0.0,,7.0,0.56,0.536
2025,P,김건우,SSG,1.3436554221235167e-05,109,53.0,2.0,,31.0,1.35,0.536
2025,P,박시영,롯데,1.2830428573810827e-05,110,9.0,0.0,,9.0,-0.54,0.478
2025,P,배찬승,삼성,1.2823232379675792e-05,111,50.0,3.0,,25.0,0.59,0.521
2025,P,김서현,한화,1.2816781758491077e-05,112,52.0,4.0,,23.0,1.99,0.593
2025,P,이용찬,NC,1.2513221704923004e-05,113,23.0,1.0,,18.0,-0.44,0.514
2025,P,나균안,롯데,1.2505570906997236e-05,114,143.0,13.0,,67.0,3.01,0.478
2025,P,최종인,두산,1.220883214565376e-05,115,1.0,0.0,,1.0,0.0,0.442
2025,P,김재열,NC,1.2040282260358163e-05,116,32.0,5.0,,16.0,-0.73,0.514
2025,P,임준형,KT,1.1842598508393327e-05,117,7.0,0.0,,6.0,-0.35,0.511
2025,P,전영준,SSG,1.1839945499425506e-05,118,48.0,5.0,,28.0,0.75,0.536
2025,P,배제성,KT,1.1606134102854311e-05,119,38.0,2.0,,17.0,0.16,0.511
2025,P,한현희,롯데,1.153646564200261e-05,120,13.0,2.0,,6.0,0.02,0.478
2025,P,로젠버그,키움,1.1508510713375543e-05,121,63.0,5.0,,33.0,1.79,0.336
2025,P,최충연,삼성,1.1415126438638273e-05,122,7.0,1.0,,8.0,-0.3,0.521
2025,P,김민규,두산,1.140971910299114e-05,123,9.0,1.0,,5.0,0.06,0.442
2025,P,에르난데스,LG,1.064757641808532e-05,124,53.0,7.0,,32.0,1.28,0.603
2025,P,김태경,NC,1.0566450799731359e-05,125,18.0,4.0,,20.0,-0.83,0.514
2025,P,양현,삼성,1.0484624731742405e-05,126,2.0,0.0,,0.0,0.13,0.521
2025,P,박진,롯데,1.0383313924961008e-05,127,76.0,10.0,,42.0,0.03,0.478
2025,P,양창섭,삼성,1.0339142937667326e-05,128,67.0,3.0,,29.0,1.04,0.521
2025,P,최지강,두산,1.0152196804664235e-05,129,41.0,3.0,,25.0,-0.56,0.442
2025,P,박시원,LG,9.992629597369518e-06,130,0.0,0.0,,2.0,-0.01,0.603
2025,P,이승민,삼성,9.835303870057216e-06,131,61.0,5.0,,37.0,0.36,0.521
2025,P,류진욱,NC,9.790352101730287e-06,132,50.0,6.0,,27.0,1.74,0.514
2025,P,박윤성,키움,9.705096734532654e-06,133,55.0,9.0,,31.0,-0.73,0.336
2025,P,이상규,한화,9.618064160769308e-06,134,16.0,0.0,,9.0,-0.29,0.593
2025,P,패트릭,KT,9.480998670086756e-06,135,63.0,2.0,,26.0,1.33,0.511
2025,P,조영건,키움,9.290653664107789e-06,136,84.0,12.0,,51.0,-0.51,0.336
2025,P,손동현,KT,9.28134483013039e-06,137,66.0,6.0,,30.0,0.94,0.511
2025,P,웰스,키움,9.157574932909404e-06,138,18.0,0.0,,8.0,0.38,0.336
2025,P,신지환,SSG,9.156932894253048e-06,139,0.0,0.0,,0.0,0.04,0.536
2025,P,정철원,롯데,9.026038517249311e-06,140,72.0,4.0,,34.0,1.03,0.478
2025,P,원종현,키움,9.021622987486696e-06,141,68.0,5.0,,42.0,-1.66,0.336
2025,P,정우주,한화,8.91518940630392e-06,142,34.0,6.0,,18.0,1.23,0.593
2025,P,홍원빈,KIA,8.837956568325318e-06,143,2.0,0.0,,5.0,-0.13,0.464
2025,P,양지율,키움,8.817384610647218e-06,144,18.0,3.0,,13.0,-0.72,0.336
2025,P,윤현,키움,8.806400646408234e-06,145,31.0,2.0,,28.0,-1.49,0.336
2025,P,황준서,한화,8.61318690655688e-06,146,54.0,7.0,,37.0,0.41,0.593
2025,P,최지민,KIA,8.578471632859443e-06,147,46.0,5.0,,40.0,-0.15,0.464
2025,P,배재환,NC,8.550810850915853e-06,148,48.0,3.0,,36.0,0.89,0.514
2025,P,최채흥,LG,8.526259858446606e-06,149,35.0,3.0,,17.0,0.17,0.603
2025,P,정동윤,SSG,8.517498902557475e-06,150,21.0,2.0,,16.0,-0.26,0.536
2025,P,곽도규,KIA,8.332522136637904e-06,151,3.0,0.0,,6.0,-0.24,0.464
2025,P,김건국,KIA,8.299672529815615e-06,152,59.0,11.0,,38.0,-0.75,0.464
2025,P,김진성,LG,8.228743458699312e-06,153,61.0,7.0,,28.0,0.54,0.603
2025,P,메르세데스,키움,8.223338242758522e-06,154,54.0,5.0,,24.0,0.67,0.336
2025,P,노경은,SSG,8.163808456030889e-06,155,60.0,2.0,,22.0,3.13,0.536
2025,P,박정훈,키움,8.110748299273779e-06,156,24.0,1.0,,24.0,-0.42,0.336
2025,P,한재승,KIA,8.087543173905206e-06,157,21.0,4.0,,20.0,-0.92,0.464
2025,P,정세영,키움,7.957619516853062e-06,158,9.0,0.0,,6.0,-0.28,0.336
2025,P,임진묵,키움,7.957619516853062e-06,159,10.0,0.0,,11.0,-0.55,0.336
2025,P,손힘찬,키움,7.957619516853062e-06,160,5.0,0.0,,5.0,-0.16,0.336
2025,P,김서준,키움,7.952415778961085e-06,161,14.0,2.0,,12.0,-0.46,0.336
2025,P,최우석,NC,7.869216864677434e-06,162,23.0,1.0,,16.0,-0.34,0.514
2025,P,정성종,롯데,7.826406147042516e-06,163,3.0,1.0,,1.0,0.01,0.478
2025,P,이재희,삼성,7.753672865189602e-06,164,7.0,0.0,,3.0,0.32,0.521
2025,P,박종훈,SSG,7.738529436838908e-06,165,15.0,4.0,,17.0,-0.06,0.536
2025,P,박신지,두산,7.650984932995195e-06,166,55.0,3.0,,24.0,0.47,0.442
2025,P,김재원,KT,7.585288439832547e-06,167,3.0,0.0,,5.0,-0.09,0.511
2025,P,김동현,KT,7.580328179106403e-06,168,7.0,2.0,,5.0,-0.12,0.511
2025,P,이정현,KT,7.569681578336887e-06,169,9.0,0.0,,8.0,-0.22,0.511
2025,P,박건우,KT,7.548309448369026e-06,170,4.0,1.0,,2.0,0.17,0.511
2025,P,홍원표,삼성,7.540432915097436e-06,171,3.0,0.0,,1.0,-0.06,0.521
2025,P,오석주,키움,7.4712089277382074e-06,172,52.0,4.0,,24.0,0.85,0.336
2025,P,임기영,KIA,7.46266957409249e-06,173,23.0,2.0,,13.0,-0.48,0.464
2025,P,한두솔,SSG,7.399982074203743e-06,174,46.0,1.0,,22.0,0.36,0.536
2025,P,김한중,두산,7.331515900411798e-06,175,1.0,0.0,,1.0,0.02,0.442
2025,P,이준우,키움,7.313279044391473e-06,176,37.0,6.0,,23.0,-1.14,0.336
2025,P,박기호,SSG,7.203970294915085e-06,177,23.0,3.0,,10.0,0.32,0.536
2025,P,정민성,삼성,7.134720681614228e-06,178,3.0,0.0,,4.0,-0.17,0.521
2025,P,이성원,KIA,7.0682980832376636e-06,179,3.0,0.0,,7.0,-0.18,0.464
2025,P,이도현,KIA,7.063675896517232e-06,180,17.0,1.0,,11.0,-0.02,0.464
2025,P,김승일,한화,7.036359752838864e-06,181,3.0,1.0,,7.0,-0.18,0.593
2025,P,이병헌,두산,7.009068326767135e-06,182,11.0,1.0,,9.0,-0.12,0.442
2025,P,이형범,KIA,6.922204478735188e-06,183,21.0,0.0,,16.0,-0.71,0.464
2025,P,김진호,NC,6.798431221179199e-06,184,53.0,5.0,,30.0,1.38,0.514
2025,P,정현수,롯데,6.73797086183162e-06,185,34.0,4.0,,23.0,1.03,0.478
2025,P,임창민,삼성,6.725828378113935e-06,186,17.0,5.0,,8.0,-0.07,0.521
2025,P,이민석,롯데,6.7254667610221375e-06,187,104.0,10.0,,56.0,0.95,0.478
2025,P,이호성,삼성,6.673779444935158e-06,188,54.0,7.0,,44.0,-0.03,0.521
2025,P,전사민,NC,6.666016612571397e-06,189,86.0,3.0,,45.0,0.83,0.514
2025,P,백정현,삼성,6.4153009858086444e-06,190,19.0,1.0,,7.0,1.3,0.521
2025,P,이종준,LG,6.338230309389201e-06,191,0.0,0.0,,0.0,0.02,0.603
2025,P,윤태호,두산,6.324641840560402e-06,192,16.0,2.0,,14.0,-0.14,0.442
2025,P,김연주,키움,6.273094855591384e-06,193,67.0,10.0,,40.0,-0.52,0.336
2025,P,한재승,NC,6.236078172481681e-06,194,19.0,1.0,,9.0,0.36,0.514
2025,P,유영찬,LG,6.192372833076987e-06,195,31.0,2.0,,14.0,0.92,0.603
2025,P,이준혁,NC,6.174320252141894e-06,196,43.0,8.0,,33.0,-0.5,0.514
2025,P,성영탁,KIA,6.140571829847355e-06,197,38.0,2.0,,11.0,1.99,0.464
2025,P,이호민,KIA,6.0678465509298984e-06,198,21.0,0.0,,14.0,-0.67,0.464
2025,P,김태형,KIA,6.033876678731404e-06,199,25.0,4.0,,12.0,0.33,0.464
2025,P,김태훈,NC,5.992920522055828e-06,200,17.0,4.0,,15.0,-0.27,0.514
2025,P,임상현,NC,5.907466867798622e-06,201,2.0,0.0,,2.0,-0.05,0.514
2025,P,문승원,SSG,5.8179239461719105e-06,202,109.0,16.0,,61.0,1.51,0.536
2025,P,홍민규,두산,5.79242175233555e-06,203,37.0,4.0,,19.0,0.03,0.442
2025,P,양재훈,두산,5.79242175233555e-06,204,19.0,3.0,,11.0,0.35,0.442
2025,P,김종수,한화,5.751630558605e-06,205,57.0,5.0,,30.0,0.85,0.593
2025,P,김대우,삼성,5.7359836361190794e-06,206,1.0,0.0,,0.0,-0.02,0.521
2025,P,김태현,롯데,5.703324336487553e-06,207,1.0,0.0,,2.0,-0.02,0.478
2025,P,이영재,롯데,5.703324336487553e-06,208,5.0,1.0,,2.0,-0.02,0.478
2025,P,박세현,롯데,5.699594744772558e-06,209,8.0,1.0,,6.0,-0.35,0.478
2025,P,주권,KT,5.576339412864739e-06,210,48.0,3.0,,23.0,0.31,0.511
2025,P,성동현,LG,5.5439940707302784e-06,211,10.0,2.0,,9.0,-0.28,0.603
2025,P,유승철,KIA,5.495597875258181e-06,212,3.0,0.0,,1.0,0.02,0.464
2025,P,김원중,롯데,5.470712461442205e-06,213,58.0,4.0,,21.0,1.61,0.478
2025,P,윤성빈,롯데,5.4680838190973665e-06,214,26.0,3.0,,23.0,0.0,0.478
2025,P,조민석,NC,5.4655216280552855e-06,215,12.0,3.0,,10.0,0.02,0.514
2025,P,코엔 윈,LG,5.436816311656429e-06,216,28.0,4.0,,19.0,-0.06,0.603
2025,P,정우준,롯데,5.420969871120288e-06,217,6.0,0.0,,2.0,0.03,0.478
2025,P,이영하,두산,5.366492988161798e-06,218,63.0,4.0,,33.0,0.9,0.442
2025,P,손주환,NC,5.344537062483544e-06,219,53.0,5.0,,29.0,0.67,0.514
2025,P,벨라스케즈,롯데,5.303218345494794e-06,220,47.0,7.0,,32.0,-0.31,0.478
2025,P,김강률,LG,5.206599729530595e-06,221,7.0,0.0,,2.0,0.4,0.603
2025,P,원종혁,한화,5.132285608315996e-06,222,3.0,1.0,,3.0,-0.1,0.593
2025,P,권민규,한화,5.132285608315996e-06,223,5.0,1.0,,5.0,-0.03,0.593
2025,P,목지훈,NC,5.018365178288215e-06,224,68.0,6.0,,42.0,0.2,0.514
2025,P,송은범,삼성,4.947850992745452e-06,225,9.0,0.0,,3.0,0.09,0.521
2025,P,김종운,LG,4.806426658113153e-06,226,2.0,2.0,,3.0,-0.08,0.603
2025,P,주승우,키움,4.563910675670132e-06,227,35.0,7.0,,13.0,1.35,0.336
2025,P,윤중현,KIA,4.539723374416081e-06,228,10.0,2.0,,5.0,0.07,0.464
2025,P,우규민,KT,4.5394813099372345e-06,229,45.0,2.0,,12.0,1.12,0.511
2025,P,최동환,KT,4.497830877150485e-06,230,27.0,4.0,,19.0,-0.32,0.511
2025,P,톨허스트,LG,4.470883511833572e-06,231,39.0,2.0,,15.0,1.31,0.603
2025,P,배재준,LG,4.435364169469407e-06,232,9.0,1.0,,8.0,0.14,0.603
2025,P,김대유,KIA,4.185217534717169e-06,233,12.0,1.0,,9.0,-0.11,0.464
2025,P,로건,NC,4.176886393212894e-06,234,180.0,18.0,,98.0,2.41,0.514
2025,P,임준형,LG,4.121563752143295e-06,235,4.0,0.0,,1.0,0.16,0.603
2025,P,우강훈,LG,3.862106880970498e-06,236,12.0,0.0,,5.0,0.06,0.603
2025,P,김진수,LG,3.836547242248182e-06,237,11.0,2.0,,5.0,-0.07,0.603
2025,P,박준우,롯데,3.834886221530318e-06,238,21.0,0.0,,11.0,-0.21,0.478
2025,P,조동욱,한화,3.833071095784715e-06,239,77.0,4.0,,29.0,1.31,0.593
2025,P,강건,KT,3.806504358119427e-06,240,7.0,1.0,,10.0,-0.39,0.511
2025,P,제환유,두산,3.7580359568508262e-06,241,17.0,2.0,,10.0,0.14,0.442
2025,P,김상수,롯데,3.737041176428197e-06,242,48.0,4.0,,26.0,-0.52,0.478
2025,P,유지성,KIA,3.5932937798198525e-06,243,0.0,0.0,,0.0,0.04,0.464
2025,P,이채호,KT,3.3069830271383906e-06,244,12.0,1.0,,8.0,-0.1,0.511
2025,P,박주성,키움,3.0641234093942063e-06,245,63.0,9.0,,40.0,-0.51,0.336
2025,P,원상현,KT,3.04625739954778e-06,246,56.0,8.0,,35.0,0.19,0.511
2025,P,전용주,KT,3.040850895787937e-06,247,18.0,0.0,,8.0,0.17,0.511
2025,P,김유성,두산,2.9665022013705885e-06,248,17.0,3.0,,17.0,-0.14,0.442
2025,P,김대호,삼성,2.959396571420598e-06,249,25.0,3.0,,13.0,0.2,0.521
2025,P,이강준,키움,2.859017593556703e-06,250,29.0,3.0,,22.0,-0.33,0.336
2025,P,김정우,두산,2.839436603554264e-06,251,26.0,1.0,,12.0,-0.02,0.442
2025,P,이상동,KT,2.819959274259463e-06,252,31.0,4.0,,12.0,1.12,0.511
2025,P,홍민기,롯데,2.6211701660939275e-06,253,24.0,0.0,,13.0,1.06,0.478
2025,P,이재익,삼성,2.590149832319557e-06,254,8.0,0.0,,1.0,0.33,0.521
2025,P,윤산흠,한화,2.5314531422969616e-06,255,16.0,1.0,,7.0,0.36,0.593
2025,P,김동규,키움,2.395066639942293e-06,256,13.0,2.0,,11.0,-0.22,0.336
2025,P,한차현,KT,2.245971213707242e-06,257,4.0,0.0,,3.0,-0.08,0.511
2025,P,김민주,KIA,2.1762489939824635e-06,258,4.0,0.0,,4.0,-0.14,0.464
2025,P,전준표,키움,2.1314148880611577e-06,259,33.0,2.0,,22.0,-1.18,0.336
2025,P,김민규,NC,2.127960285113703e-06,260,5.0,0.0,,4.0,-0.07,0.514
2025,P,송재영,롯데,2.106108854858985e-06,261,19.0,3.0,,13.0,0.13,0.478
2025,P,김주온,LG,2.094686296642853e-06,262,0.0,0.0,,1.0,-0.04,0.603
2025,P,김태현,NC,2.0876818080004693e-06,263,5.0,2.0,,4.0,-0.08,0.514
2025,P,임지민,NC,2.0720640738345465e-06,264,1.0,0.0,,2.0,0.08,0.514
2025,P,최용준,KT,2.0597314462740244e-06,265,13.0,0.0,,2.0,0.24,0.511
2025,P,최현석,SSG,2.0063303626005773e-06,266,21.0,5.0,,13.0,0.02,0.536
2025,P,문용익,KT,2.0049204522967878e-06,267,21.0,3.0,,11.0,0.71,0.511
2025,P,백승현,LG,1.9909386580615904e-06,268,28.0,2.0,,13.0,0.16,0.603
2025,P,박명근,LG,1.8812073764674558e-06,269,36.0,5.0,,21.0,0.62,0.603
2025,P,손현기,키움,1.8739839729660416e-06,270,4.0,1.0,,5.0,-0.3,0.336
2025,P,김호준,두산,1.8538243636924036e-06,271,14.0,2.0,,11.0,-0.24,0.442
2025,P,신영우,NC,1.80097469453434e-06,272,8.0,2.0,,13.0,-0.2,0.514
2025,P,김민재,KIA,1.757838898639159e-06,273,2.0,0.0,,0.0,0.07,0.464
2025,P,고효준,두산,1.7355591260920228e-06,274,29.0,4.0,,16.0,-1.17,0.442
2025,P,소이현,NC,1.716281116827088e-06,275,5.0,0.0,,5.0,0.12,0.514
2025,P,윤석원,키움,1.6706283740898356e-06,276,41.0,3.0,,23.0,-0.15,0.336
2025,P,박준영,한화,1.5070648618478224e-06,277,3.0,0.0,,2.0,0.15,0.593
2025,P,이태양,한화,1.4938403339724826e-06,278,14.0,0.0,,5.0,0.19,0.593
2025,P,김현수,KIA,1.4890929712511038e-06,279,17.0,2.0,,5.0,0.29,0.464
2025,SS,김주원,NC,0.8444153749686747,1,156.0,15.0,65.0,98.0,6.33,0.514
2025,SS,박성한,SSG,0.1271821781048171,2,124.0,7.0,48.0,73.0,5.28,0.536
2025,SS,이재현,삼성,0.028177902778273298,3,116.0,16.0,67.0,82.0,5.13,0.521
2025,SS,오지환,LG,0.017424026322350496,4,106.0,16.0,62.0,57.0,2.89,0.603
2025,SS,박찬호,KIA,0.002218749553484092,5,148.0,5.0,42.0,75.0,4.56,0.464
2025,SS,박준영,두산,5.496384256008795e-05,6,25.0,1.0,10.0,9.0,0.07,0.442
2025,SS,하주석,한화,3.022600745073784e-05,7,82.0,4.0,28.0,34.0,2.08,0.593
2025,SS,박승욱,롯데,2.777197793146051e-05,8,16.0,0.0,5.0,10.0,-0.31,0.478
2025,SS,심우준,한화,2.2094957320741097e-05,9,57.0,2.0,22.0,39.0,0.8,0.593
2025,SS,이유찬,두산,1.7556576651166182e-05,10,65.0,1.0,16.0,36.0,0.84,0.442
2025,SS,오선진,키움,1.3958477118463552e-05,11,34.0,1.0,19.0,15.0,0.06,0.336
2025,SS,어준서,키움,1.2593738939255841e-05,12,77.0,6.0,27.0,48.0,-0.81,0.336
2025,SS,정현창,NC,9.831278714387395e-06,13,0.0,0.0,0.0,0.0,-0.14,0.514
2025,SS,안재석,두산,9.011046455091487e-06,14,43.0,4.0,20.0,25.0,1.77,0.442
2025,SS,이호준,롯데,5.535257632482785e-06,15,32.0,3.0,23.0,20.0,0.8,0.478
2025,SS,이해승,삼성,5.366723382864824e-06,16,1.0,0.0,1.0,2.0,-0.36,0.521
2025,SS,장준원,KT,4.38511952126106e-06,17,29.0,1.0,11.0,10.0,0.03,0.511
2025,SS,권동진,KT,4.0377830685033626e-06,18,61.0,1.0,25.0,34.0,0.4,0.511
2025,SS,전민재,롯데,2.9365163297446686e-06,19,95.0,5.0,34.0,39.0,1.13,0.478
2025,SS,박민석,KT,2.2609114780339475e-06,20,5.0,0.0,1.0,5.0,0.1,0.511
2025,SS,이재상,키움,1.8504249383720596e-06,21,1.0,0.0,0.0,0.0,-0.09,0.336
2025,SS,정현창,KIA,1.837865730127272e-06,22,5.0,0.0,0.0,4.0,0.23,0.464
