Id,Name,Birthdate,Handedness,School,Draft,Year,Team,Age,Pos.,G,GS,GR,GF,CG,SHO,W,L,S,HD,IP,ER,R,rRA,TBF,H,2B,3B,HR,BB,HP,IB,SO,ROE,BK,WP,ERA,RA9,rRA9,FIP,WHIP,WAR
10058,양현종,1988년 03월 01일,좌투좌타,광주학강초-광주동성중-광주동성고,07 KIA 2차 1라운드 1순위,2025,KIA,37,P,30,30,0,0,0,0,7,9,0,0,153,86,101,96.2,677,171,23,4,12,57,4,1,109,14,0,10,5.06,5.94,5.66,4.35,1.49,0.86
10124,고효준,1983년 02월 08일,좌투좌타,서원초-세광중-세광고,02 롯데 2차 1라운드 6순위,2025,두산,42,P,45,0,45,2,0,0,2,1,0,9,21,16,16,22.5,104,29,2,1,4,14,1,1,19,0,0,4,6.86,6.86,9.64,6.06,2.05,-1.17
10126,김광현,1988년 07월 22일,좌투좌타,안산-덕성초-안산중앙중-안산공고,07 SK 1차 1순위,2025,SSG,37,P,28,28,0,0,0,0,10,10,0,0,144,80,86,83.4,636,164,28,1,13,50,4,1,138,8,0,6,5,5.38,5.21,3.77,1.49,1.62
10131,박종훈,1991년 08월 13일,우언우타,중앙초-군산중-군산상고,10 SK 2라운드 9순위,2025,SSG,34,P,5,5,0,0,0,0,0,2,0,0,19,15,17,14.3,90,15,1,0,4,18,5,0,10,2,0,0,7.11,8.05,6.77,8.98,1.74,-0.06
10137,송은범,1984년 03월 17일,우투우타,서흥초-동산중-동산고,03 SK 1차,2025,삼성,41,P,5,0,5,3,0,0,0,0,0,0,6,3,3,3,28,9,2,0,0,3,0,0,2,0,0,3,4.5,4.5,4.5,4.69,2,0.09
10203,노경은,1984년 03월 11일,우투우타,화곡초-성남중-성남고,03 두산 1차,2025,SSG,41,P,77,0,77,6,0,0,3,6,3,35,80,19,22,25.05,320,60,10,0,2,25,3,5,68,3,0,3,2.14,2.48,2.82,3.05,1.06,3.13
10217,이용찬,1989년 01월 02일,우투우타,신원초-양천중-장충고,07 두산 1차 1순위,2025,NC,36,P,12,3,9,1,0,0,1,2,0,1,15.1,18,18,17.8,83,23,4,0,1,12,4,1,14,0,0,2,10.57,10.57,10.45,5.75,2.28,-0.44
10363,백정현,1987년 07월 13일,좌투좌타,옥산초-대구중-상원고,07 삼성 2차 1라운드 8순위,2025,삼성,38,P,29,1,28,8,0,0,2,0,1,3,32.1,7,7,9.05,128,19,6,0,1,7,2,0,31,3,0,0,1.95,1.95,2.52,2.78,0.8,1.3
10367,오승환,1982년 07월 15일,우투우타,도신초-우신중-경기고-단국대,05 삼성 2차 1라운드 5순위,2025,삼성,43,P,12,0,12,4,0,0,0,0,0,0,9,8,8,7.35,45,15,5,0,1,3,0,0,7,0,0,1,8,8,7.35,4.36,2,-0.13
10427,김상수,1988년 01월 02일,우투우타,자이언츠-자양중-신일고,06 삼성 2차 2라운드 15순위,2025,롯데,37,P,45,0,45,14,0,0,0,1,2,3,36.2,26,26,31.35,180,48,10,0,4,18,3,2,27,3,0,1,6.38,6.38,7.7,5.03,1.8,-0.52
10452,임창민,1985년 08월 25일,우투우타,대성초-광주동성중-광주동성고-연세대,08 현대 2차 2라운드 11순위,2025,삼성,40,P,16,0,16,1,0,0,1,0,0,2,13,7,8,9.75,63,17,2,0,5,7,1,1,6,0,0,0,4.85,5.54,6.75,9.06,1.85,-0.07
10523,우규민,1985년 01월 21일,우언우타,성동초-휘문중-휘문고,03 LG 2차 3라운드 19순위,2025,KT,40,P,53,0,53,10,0,0,1,2,0,9,44.1,12,12,16.15,185,45,6,0,2,3,4,1,24,2,0,0,2.44,2.44,3.28,3.54,1.08,1.12
10527,이승현,1991년 11월 20일,우투우타,화순초-진흥중-화순고,10 LG 2라운드 16순위,2025,삼성,34,P,42,0,42,7,0,0,2,1,0,11,35.2,25,26,30.75,161,43,7,0,9,11,1,1,29,0,0,1,6.31,6.56,7.76,5.88,1.51,-0.46
10535,최동환,1989년 09월 19일,우투우타,인헌초-선린중-경동고,09 LG 2차 2라운드 13순위,2025,KT,36,P,20,0,20,9,0,0,1,1,0,0,18.2,18,19,19,91,27,5,1,4,12,1,2,9,0,0,0,8.68,9.16,9.16,7.32,2.09,-0.32
10590,류현진,1987년 03월 25일,좌투우타,창영초-동산중-동산고-대전대,06 한화 2차 1라운드 2순위,2025,한화,38,P,26,26,0,0,0,0,9,7,0,0,139.1,50,54,53.5,574,144,22,3,12,25,4,2,122,4,0,2,3.23,3.49,3.46,3.37,1.21,4.03
10609,이태양,1990년 07월 03일,우투좌타,여수서초-여수중-효천고,10 한화 5라운드 36순위,2025,한화,35,P,14,0,14,4,0,0,0,1,0,0,11.1,5,5,5,51,14,5,0,0,5,1,1,8,0,0,0,3.97,3.97,3.97,3.85,1.68,0.19
10652,임찬규,1992년 11월 20일,우투우타,가동초-청원중-휘문고,11 LG 1라운드 2순위,2025,LG,33,P,27,27,0,1,1,1,11,7,0,0,160.1,54,61,57.25,670,163,38,3,9,40,6,1,107,8,0,1,3.03,3.42,3.21,3.82,1.27,4.9
10685,김대우,1988년 11월 21일,우언우타,역삼초-대치중-서울고-홍익대,11 넥센 9라운드 67순위,2025,삼성,37,P,2,0,2,0,0,0,0,0,0,1,0.2,0,0,0.7,3,1,1,0,0,0,0,0,0,0,0,0,0,0,9.45,3.92,1.5,-0.02
10690,김강률,1988년 08월 28일,우투우타,문촌초-일산서구-장성중-경기고,07 두산 2차 4라운드 26순위,2025,LG,37,P,12,0,12,4,0,0,1,0,1,4,12.1,2,2,3.55,51,7,1,0,0,8,1,0,9,1,0,0,1.46,1.46,2.59,4.43,1.22,0.4
10696,홍건희,1992년 09월 29일,우투우타,화순초-화순중-화순고,11 KIA 2라운드 9순위,2025,두산,33,P,20,0,20,7,0,0,2,1,0,0,16,11,13,10.4,83,18,1,0,2,15,0,1,15,2,0,0,6.19,7.31,5.85,6.06,2.06,0.01
10706,김대유,1991년 05월 08일,좌투좌타,중앙초-부산중-부산고,10 넥센 3라운드 18순위,2025,KIA,34,P,15,0,15,2,0,0,0,1,0,1,8.1,9,9,6.6,42,12,1,0,1,4,0,0,3,1,0,0,9.72,9.72,7.13,5.98,1.92,-0.11
10730,양현,1992년 08월 23일,우언우타,영랑초-한밭중-대전고,11 두산 10라운드 73순위,2025,삼성,33,P,4,0,4,3,0,0,0,0,0,0,3.1,0,0,0.5,15,2,0,0,0,3,0,0,1,0,0,0,0,0,1.35,6.05,1.5,0.13
10737,박시영,1989년 03월 10일,우투우타,축현초-신흥중-제물포고-영남사이버대,08 롯데 2차 4라운드 31순위,2025,롯데,36,P,11,0,11,2,0,0,1,0,0,0,7.1,9,9,8.65,42,9,4,0,0,9,2,0,10,0,0,0,11.05,11.05,10.62,5.31,2.45,-0.54
10749,이우찬,1992년 08월 04일,좌투좌타,온양온천초-온양중-북일고,11 LG 2라운드 15순위,2025,LG,33,P,23,0,23,6,0,0,0,1,0,0,19,4,6,6,86,13,2,0,0,14,1,0,20,2,0,3,1.89,2.84,2.84,3.81,1.42,0.46
10783,문승원,1989년 11월 28일,우투우타,가동초-배명중-배명고-고려대,12 SK 1라운드 8순위,2025,SSG,36,P,23,21,2,0,0,0,4,7,0,0,105.1,60,61,58.45,452,109,23,3,16,38,5,0,61,5,0,4,5.13,5.21,4.99,5.58,1.4,1.51
10784,서진용,1992년 10월 02일,우투우타,남부민초-대동중-경남고,11 SK 1라운드 7순위,2025,SSG,33,P,2,0,2,1,0,0,0,0,0,0,1.1,1,1,1,7,1,0,0,0,3,0,0,0,0,0,0,6.75,6.75,6.75,11.12,3,-0.02
10812,한승혁,1993년 01월 03일,우투좌타,도신초-강남중-덕수고,11 KIA 1라운드 8순위,2025,한화,32,P,71,0,71,10,0,0,3,3,3,16,64,16,18,18.4,269,56,5,1,4,23,7,1,53,4,0,3,2.25,2.53,2.59,4.09,1.23,2.54
10825,김원중,1993년 06월 14일,우투좌타,광주학강초-광주동성중-광주동성고,12 롯데 1라운드 5순위,2025,롯데,32,P,53,0,53,43,0,0,4,3,32,0,60.2,18,21,26.7,272,58,11,2,4,33,2,6,69,5,1,7,2.67,3.12,3.96,3.55,1.5,1.61
10851,최성훈,1989년 10월 11일,좌투좌타,가동초-잠신중-경기고-경희대,12 LG 2라운드 16순위,2025,삼성,36,P,2,0,2,1,0,0,0,0,0,0,1,1,1,0.3,5,1,0,0,0,1,0,0,1,0,0,0,9,9,2.7,4.62,2,0.03
10863,한현희,1993년 06월 25일,우언우타,동삼초-경남중-경남고,12 넥센 1라운드 2순위,2025,롯데,32,P,3,2,1,0,0,0,0,0,0,1,8.2,6,6,6,41,13,2,0,2,2,1,0,8,0,0,1,6.23,6.23,6.23,5.46,1.73,0.02
10871,김태훈,1992년 03월 02일,우투우타,남부민초-대신중-부경고,12 넥센 9라운드 79순위,2025,삼성,33,P,73,0,73,9,0,0,2,6,2,19,66.1,33,34,32.95,287,66,13,0,8,26,2,3,74,2,0,4,4.48,4.61,4.47,3.87,1.39,1.27
10909,임기영,1993년 04월 16일,우언우타,대구수창초-경운중-경북고,12 한화 2라운드 18순위,2025,KIA,32,P,10,0,10,2,0,0,1,1,0,0,9,13,13,13.85,52,23,4,0,2,4,0,0,5,0,0,0,13,13,13.85,6.6,3,-0.48
11094,함덕주,1995년 01월 13일,좌투좌타,일산초-원주중-원주고,13 두산 5라운드 43순위,2025,LG,30,P,31,0,31,5,0,0,2,3,0,1,27,18,19,17.8,113,14,5,0,1,18,0,0,26,1,0,3,6,6.33,5.93,4.09,1.19,-0.07
11117,김종수,1994년 06월 03일,우투우타,성동초-덕수중-울산공고,13 한화 8라운드 74순위,2025,한화,31,P,63,0,63,10,0,0,4,5,0,5,63.2,23,30,32.15,282,57,17,1,5,36,4,1,59,5,1,2,3.25,4.24,4.54,4.55,1.46,0.85
11126,조상우,1994년 09월 04일,우투우타,서화초-상인천중-대전고,13 넥센 1라운드 1순위,2025,KIA,31,P,72,0,72,7,0,0,6,6,1,28,60,26,29,28.7,271,64,15,0,5,27,6,3,55,1,0,2,3.9,4.35,4.31,4.27,1.52,1.03
11159,이형범,1994년 02월 27일,우투우타,화순초-화순중-화순고,12 NC 특별 23순위,2025,KIA,31,P,12,0,12,5,0,0,0,0,0,0,10,13,16,18.05,56,21,6,1,0,5,0,1,6,1,0,0,11.7,14.4,16.25,3.7,2.6,-0.71
11161,원종현,1987년 07월 31일,우언우타,중앙초-군산중-군산상고,06 LG 2차 2라운드 11순위,2025,키움,38,P,61,0,61,13,0,0,2,4,5,11,54.1,37,42,44.55,248,68,8,2,5,18,3,2,40,2,0,6,6.13,6.96,7.38,4.29,1.58,-1.66
11164,장현식,1995년 02월 24일,우투우타,신도초-서울이수중-서울고,13 NC 1라운드 9순위,2025,LG,30,P,56,0,56,14,0,0,3,3,10,5,49.2,24,27,23.75,234,65,16,1,4,21,5,1,38,2,0,4,4.35,4.89,4.3,4.58,1.73,0.73
11166,김진성,1985년 03월 07일,우투우타,인헌초-성남중-성남서고,04 SK 2차 6라운드 42순위,2025,LG,40,P,78,0,78,2,0,0,6,4,1,33,70.2,27,28,39,291,61,7,3,7,24,0,1,63,3,0,1,3.44,3.57,4.97,3.91,1.2,0.54
11168,임정호,1990년 04월 16일,좌투좌타,성동초-잠신중-신일고-성균관대,13 NC 3라운드 30순위,2025,NC,35,P,31,0,31,3,0,0,1,1,0,4,18.2,10,13,18.85,88,18,3,1,3,9,4,1,15,2,0,1,4.82,6.27,9.09,5.88,1.45,-0.87
11169,이상민,1990년 11월 04일,좌투좌타,남도초-수성-대구중-경북고-동의대,13 NC 7라운드 66순위,2025,삼성,35,P,1,0,1,1,0,0,0,0,0,0,1,0,0,0,5,2,0,0,0,0,0,0,1,0,0,0,0,0,0,1.42,2,0.04
11222,하영민,1995년 05월 07일,우투우타,수창초-진흥중-진흥고,14 넥센 2차 1라운드 4순위,2025,키움,30,P,28,28,0,0,0,0,7,14,0,0,153.1,85,90,86.1,669,169,29,3,13,41,9,1,134,8,0,7,4.99,5.28,5.05,3.79,1.37,1.41
11229,김유영,1994년 05월 02일,좌투좌타,양정초-개성중-경남고,14 롯데 1차,2025,LG,31,P,6,0,6,4,0,0,0,0,0,0,4.1,6,6,7.55,26,8,3,0,0,4,1,0,5,0,0,0,12.46,12.46,15.68,4.73,2.77,-0.23
11248,배재환,1995년 02월 24일,우투우타,가동초-잠신중-서울고,14 NC 2차 1라운드 1순위,2025,NC,30,P,70,0,70,6,0,0,2,4,2,24,60.1,30,36,30.5,271,48,6,1,3,37,11,4,51,3,0,6,4.48,5.37,4.55,4.84,1.41,0.89
11284,조이현,1995년 06월 27일,우투좌타,송정동초-배재중-제주고,14 한화 2차 5라운드 47순위,2025,KT,30,P,3,3,0,0,0,0,1,2,0,0,11.2,7,7,6.5,50,17,2,1,2,0,1,0,3,0,0,0,5.4,5.4,5.01,5.59,1.46,0.17
11291,구승민,1990년 06월 12일,우투우타,동일초-청원중-청원고-홍익대,13 롯데 6라운드 52순위,2025,롯데,35,P,11,0,11,5,0,0,0,1,0,1,9,7,10,9,45,9,1,1,1,7,1,0,10,1,0,0,7,10,9,5.31,1.78,-0.22
11300,박정수,1996년 01월 29일,우언좌타,서울청구초-서울이수중-야탑고,15 KIA 2차 7라운드 65순위,2025,두산,29,P,29,0,29,5,0,0,1,0,0,3,26.1,12,13,13.3,119,31,3,1,1,8,4,1,15,2,0,1,4.1,4.44,4.55,4.28,1.48,0.33
11303,이준영,1992년 08월 10일,좌투좌타,군산남초-군산중-군산상고-중앙대,15 KIA 2차 4라운드 42순위,2025,KIA,33,P,57,0,57,5,0,0,3,1,0,7,34,18,18,22.95,145,36,10,0,6,11,1,2,34,4,0,1,4.76,4.76,6.08,4.55,1.38,-0.14
11308,고영표,1991년 09월 16일,우언우타,대성초-광주동성중-화순고-동국대,14 KT 2차 1라운드 10순위,2025,KT,34,P,29,26,3,2,1,1,11,8,0,0,161,59,70,68.3,685,170,31,2,10,30,15,2,154,10,1,4,3.3,3.91,3.82,3.14,1.24,4.17
11310,박세웅,1995년 11월 30일,우투우타,경운초-경운중-경북고,14 KT 1차,2025,롯데,30,P,29,28,1,0,0,0,11,13,0,0,160.2,88,99,93.7,722,183,46,1,15,54,8,0,156,9,1,14,4.93,5.55,5.25,3.84,1.48,1.95
11311,심재민,1994년 02월 18일,좌투우타,김해엔젤스-개성중-개성고-전남과학대,14 KT 신생팀 특별지명,2025,롯데,31,P,4,0,4,2,0,0,1,0,0,0,3,1,2,2.7,15,5,1,0,0,1,0,0,2,0,0,1,3,6,8.1,3.32,2,-0.04
11317,김민수,1992년 07월 24일,우투우타,청원초-청원중-청원고-성균관대,15 KT 2차 특별 11순위,2025,KT,33,P,58,0,58,12,0,0,4,3,0,11,52.2,29,31,29.8,230,63,11,2,5,15,1,1,36,1,0,5,4.96,5.3,5.09,4.25,1.48,0.43
11318,엄상백,1996년 10월 04일,우언우타,역삼초-언북중-덕수고,15 KT 1차,2025,한화,29,P,28,16,12,0,0,0,2,7,0,1,80.2,59,60,59.85,379,106,18,3,13,38,8,0,74,0,0,3,6.58,6.69,6.68,5.37,1.79,-0.19
11323,주권,1995년 05월 31일,우투우타,우암초-청주중-청주고,15 KT 신생팀 특별지명,2025,KT,30,P,34,0,34,14,0,0,0,1,0,0,40.2,20,23,23.85,176,48,2,0,3,13,0,1,19,4,1,0,4.43,5.09,5.28,4.65,1.5,0.31
11353,구창모,1997년 02월 17일,좌투좌타,천안남산초-덕수중-울산공고,15 NC 2차 1라운드 3순위,2025,NC,28,P,4,3,1,0,0,0,1,0,0,0,14.1,4,4,3.15,59,14,3,0,1,3,0,0,18,0,0,1,2.51,2.51,1.98,2.28,1.19,0.67
11355,류진욱,1996년 10월 10일,우투우타,양정초-개성중-부산고,15 NC 2차 2라운드 21순위,2025,NC,29,P,62,0,62,51,0,0,4,3,29,0,66,24,27,27.35,275,50,7,1,6,28,6,3,57,3,0,5,3.27,3.68,3.73,4.44,1.18,1.74
11373,김택형,1996년 10월 10일,좌투좌타,창영초-재능중-동산고,15 넥센 2차 2라운드 18순위,2025,SSG,29,P,25,0,25,12,0,0,0,0,0,1,22.2,7,7,8.35,95,19,6,0,0,10,3,0,14,1,0,2,2.78,2.78,3.32,4.21,1.28,0.56
11379,최원태,1997년 01월 07일,우투우타,인헌초-용산-경원중-서울고,15 넥센 1차,2025,삼성,28,P,27,24,3,1,0,0,8,7,0,0,124.1,68,72,70.8,552,128,21,0,13,51,12,1,109,6,0,9,4.92,5.21,5.12,4.59,1.44,1.73
11394,배제성,1996년 09월 29일,우투좌타,백마초-성남중-성남고,15 롯데 2차 9라운드 88순위,2025,KT,29,P,8,5,3,0,0,0,2,3,0,0,27,17,17,16.5,127,38,5,1,2,11,0,1,23,0,0,1,5.67,5.67,5.5,3.86,1.81,0.16
11411,김범수,1995년 10월 03일,좌투좌타,온양온천초-온양중-북일고,15 한화 1차,2025,한화,30,P,73,0,73,9,0,0,2,1,2,6,48,12,17,16.95,195,30,5,0,0,22,4,1,41,2,0,1,2.25,3.19,3.18,3.45,1.08,1.33
11415,주현상,1992년 08월 10일,우투우타,우암초-청주중-청주고-동아대,15 한화 2차 7라운드 64순위,2025,한화,33,P,48,0,48,10,0,0,5,2,1,3,41.2,24,25,27.75,193,59,14,2,8,10,3,0,37,2,0,1,5.18,5.4,5.99,4.98,1.66,-0.12
11425,박진형,1994년 06월 10일,우투우타,영랑초-경포중-강릉고,13 롯데 2라운드 13순위,2025,롯데,31,P,7,0,7,4,0,0,0,0,0,0,5.1,5,7,5.95,29,9,3,0,1,3,0,0,5,1,0,0,8.44,11.81,10.04,5.61,2.25,-0.1
11489,김재윤,1990년 09월 16일,우투우타,도곡초-휘문중-휘문고,15 KT 2차 특별 13순위,2025,삼성,35,P,63,0,63,34,0,0,4,7,13,3,57.2,32,34,35.35,242,57,12,2,10,13,1,3,43,2,0,1,4.99,5.31,5.52,4.84,1.21,0.47
12530,최충연,1997년 03월 05일,우투우타,대구수창초-대구중-경북고,16 삼성 1차,2025,삼성,28,P,4,0,4,1,0,0,0,0,0,0,1.2,7,8,6.3,15,7,1,0,1,2,1,0,1,0,0,0,37.8,43.2,34.02,15.32,5.4,-0.3
12537,전상현,1996년 04월 18일,우투우타,남도초-경복중-상원고,16 KIA 2차 4라운드 38순위,2025,KIA,29,P,74,0,74,5,0,0,7,5,1,25,70,26,30,31.35,290,64,15,0,4,20,2,3,50,4,0,3,3.34,3.86,4.03,3.73,1.2,1.36
12565,최성영,1997년 04월 28일,좌투좌타,영랑초-설악중-설악고,16 NC 2차 2라운드 13순위,2025,NC,28,P,35,6,29,2,0,0,2,2,0,4,47.2,33,33,38.1,228,62,13,2,6,28,3,1,33,2,1,2,6.23,6.23,7.19,5.7,1.89,-0.54
12568,이영하,1997년 11월 01일,우투우타,영일초-강남중-선린고,16 두산 1차,2025,두산,28,P,73,0,73,8,0,0,4,4,0,14,66.2,30,33,32.85,299,63,10,0,4,39,6,2,72,5,0,7,4.05,4.46,4.43,4.09,1.53,0.9
12571,정동윤,1997년 10월 22일,우투좌타,안산-중앙중-야탑고,16 SK 1차,2025,SSG,28,P,12,0,12,7,0,0,0,0,0,0,17.1,16,16,16.35,82,21,6,0,2,12,0,0,17,0,0,1,8.31,8.31,8.49,5.06,1.9,-0.26
12697,배재준,1994년 11월 24일,우투우타,본리초-경상중-상원고,13 LG 2라운드 16순위,2025,LG,31,P,14,0,14,5,0,0,0,0,0,1,13,8,8,7,56,9,4,0,1,7,1,0,14,0,0,1,5.54,5.54,4.85,4.11,1.23,0.14
12847,김명신,1993년 11월 29일,우투우타,남도초-대구중-경북고-경성대,17 두산 2차 2라운드 20순위,2025,두산,32,P,8,0,8,1,0,0,0,0,0,0,8.1,5,8,8.7,43,13,3,1,0,3,1,0,6,1,0,1,5.4,8.64,9.4,3.65,1.92,-0.2
12850,박치국,1998년 03월 10일,우언우타,숭의초-신흥중-제물포고,17 두산 2차 1라운드 10순위,2025,두산,27,P,73,0,73,11,0,0,4,4,2,16,62.1,26,35,35.5,271,58,15,0,4,21,7,1,57,6,0,0,3.75,5.05,5.13,3.78,1.27,0.22
12852,최원준,1994년 12월 21일,우언우타,수유초-신일중-신일고-동국대,17 두산 1차,2025,두산,31,P,47,16,31,1,0,0,4,7,0,9,107,56,59,59.7,456,105,17,2,18,38,4,2,62,4,0,4,4.71,4.96,5.02,5.7,1.34,0.95
12854,양지율,1998년 12월 16일,우투우타,서울청구초-홍은중-장충고,17 넥센 2차 2라운드 17순위,2025,키움,27,P,18,0,18,4,0,0,0,2,0,1,14,13,13,14,69,18,1,2,3,7,3,0,10,0,0,1,8.36,8.36,9,6.97,1.79,-0.72
12860,오석주,1998년 04월 14일,우투우타,양정초-대천중-제주고,17 LG 2차 6라운드 52순위,2025,키움,27,P,53,0,53,15,0,0,2,1,0,7,58.1,24,24,25.9,252,52,6,1,4,29,7,0,44,1,0,3,3.7,3.7,4,4.82,1.39,0.85
12871,박상원,1994년 09월 09일,우투우타,백운초-서울이수중-휘문고-연세대,17 한화 2차 3라운드 25순위,2025,한화,31,P,74,0,74,1,0,0,4,3,0,16,66.2,31,35,35.35,294,67,14,1,4,21,8,0,52,4,0,4,4.19,4.73,4.77,4.07,1.32,0.73
12885,문용익,1995년 02월 04일,우투우타,고양덕양-양천중-청원고-세계사이버대,17 삼성 2차 6라운드 59순위,2025,KT,30,P,20,2,18,5,0,0,1,0,0,0,28.2,10,11,11.15,121,21,7,0,3,19,0,1,31,0,0,0,3.14,3.45,3.5,4.58,1.4,0.71
12897,김진호,1998년 06월 07일,우투우타,부곡초-성일중-광주동성고,17 NC 2차 2라운드 18순위,2025,NC,27,P,76,0,76,11,0,0,4,3,6,20,72.1,27,30,33.3,316,53,12,1,5,45,9,1,70,2,1,9,3.36,3.73,4.14,4.67,1.35,1.38
12898,김태현,1998년 03월 21일,좌투좌타,삼성초-김해내동중-김해고,17 NC 1차,2025,NC,27,P,5,0,5,0,0,0,0,0,0,1,3,4,4,3.5,17,5,1,0,2,3,2,0,2,0,0,1,12,12,10.5,15.52,2.67,-0.08
12900,소이현,1999년 02월 09일,우투우타,서울이수초-서울이수중-서울디자인고,17 NC 2차 3라운드 28순위,2025,NC,26,P,7,0,7,4,0,0,0,0,0,0,8,5,5,3.95,36,5,1,0,0,7,1,0,3,0,0,2,5.63,5.63,4.44,6.18,1.5,0.12
12908,손주영,1998년 12월 02일,좌투좌타,대현초-개성중-경남고,17 LG 2차 1라운드 2순위,2025,LG,27,P,30,27,3,0,0,0,11,6,0,0,153,58,67,62.7,644,153,20,2,8,49,4,0,132,14,0,6,3.41,3.94,3.69,3.49,1.32,3.82
12914,유승철,1998년 03월 02일,우투양타,순천북초-순천이수중-효천고,17 KIA 1차,2025,KIA,27,P,1,0,1,1,0,0,0,0,0,0,2,1,1,1,11,3,0,0,0,2,0,0,3,0,0,1,4.5,4.5,4.5,3.37,2.5,0.02
12918,김성민,1994년 04월 26일,좌투좌타,옥산초-경복중-상원고,17 SK 2차 1라운드 6순위,2025,키움,31,P,29,0,29,5,0,0,0,3,0,1,25,13,15,17.05,113,25,3,3,1,13,5,1,18,1,0,0,4.68,5.4,6.14,4.77,1.52,-0.25
12928,윤성빈,1999년 02월 26일,우투우타,동일초-경남중-부산고,17 롯데 1차,2025,롯데,26,P,31,1,30,9,0,0,1,2,0,0,27,23,23,18.85,130,26,7,0,3,20,4,1,44,1,0,6,7.67,7.67,6.28,3.89,1.7,0
12930,나균안,1998년 03월 16일,우투우타,무학초-신월중-용마고,17 롯데 2차 1라운드 3순위,2025,롯데,27,P,28,26,2,1,0,0,3,7,0,0,137.1,59,67,62.65,601,143,23,3,13,50,5,0,116,6,0,3,3.87,4.39,4.11,4.22,1.41,3.01
12937,이정현,1997년 12월 05일,우투우타,무학초-마산동중-용마고,17 KT 2차 1라운드 1순위,2025,KT,28,P,6,0,6,6,0,0,0,0,0,0,4.1,8,8,8,27,9,3,0,0,4,1,0,3,0,0,0,16.62,16.62,16.62,5.88,3,-0.22
12944,김건국,1988년 02월 02일,우투우타,서부-청량중-덕수정보고,06 두산 2차 1라운드 6순위,2025,KIA,37,P,26,6,20,6,0,0,0,3,0,1,46,35,38,40.45,216,59,9,0,11,17,5,0,31,3,0,3,6.85,7.43,7.91,6.61,1.65,-0.75
13009,백승현,1995년 05월 26일,우투우타,소래초-상인천중-인천고,15 LG 2차 3라운드 30순위,2025,LG,30,P,33,0,33,9,0,0,1,0,0,2,30,13,13,17.1,146,28,3,1,2,28,1,1,27,2,0,3,3.9,3.9,5.13,5.45,1.87,0.16
13057,김주온,1996년 12월 08일,우투우타,대현초-구미중-울산공고,15 삼성 2차 7라운드 72순위,2025,LG,29,P,1,1,0,0,0,0,0,1,0,0,0.1,1,1,1,5,0,0,0,0,2,2,0,1,0,0,0,27,27,27,34.82,6,-0.04
13061,곽빈,1999년 05월 28일,우투우타,서울학동초-자양중-배명고,18 두산 1차,2025,두산,26,P,19,19,0,0,0,0,5,7,0,0,109.1,51,55,52.95,465,96,23,3,9,41,2,0,107,8,0,5,4.2,4.53,4.36,3.71,1.25,2.01
13070,박신지,1999년 07월 16일,우투우타,의정부-영동중-경기고,18 두산 2차 1라운드 10순위,2025,두산,26,P,54,0,54,7,0,0,2,4,0,5,60,19,24,32.65,264,55,15,3,3,29,5,6,36,4,0,8,2.85,3.6,4.9,4.56,1.4,0.47
13071,정철원,1999년 03월 27일,우투우타,역북초-용인송전중-안산공고,18 두산 2차 2라운드 20순위,2025,롯데,26,P,75,0,75,4,0,0,8,3,0,21,70,33,34,36.95,312,72,13,1,4,28,7,2,55,3,0,5,4.24,4.37,4.75,4.19,1.43,1.03
13072,김민규,1999년 05월 07일,우투좌타,광진-잠신중-휘문고,18 두산 2차 3라운드 30순위,2025,두산,26,P,7,1,6,5,0,0,1,1,0,0,9.2,5,5,4.85,47,9,3,0,1,6,4,0,6,0,0,0,4.66,4.66,4.52,6.91,1.55,0.06
13080,김시훈,1999년 02월 24일,우투우타,양덕초-마산동중-마산고,18 NC 1차,2025,NC,26,P,15,0,15,7,0,0,0,0,0,1,16,15,15,16.75,75,22,4,0,4,6,0,1,11,1,0,0,8.44,8.44,9.42,6.17,1.75,-0.37
13080,김시훈,1999년 02월 24일,우투우타,양덕초-마산동중-마산고,18 NC 1차,2025,KIA,26,P,9,0,9,3,0,0,1,0,0,0,9.2,8,10,11.05,43,11,2,0,3,4,0,0,7,1,0,0,7.45,9.31,10.29,7.13,1.55,-0.36
13085,신민혁,1999년 02월 04일,우투우타,강서-매향중-야탑고,18 NC 2차 5라운드 49순위,2025,NC,26,P,28,28,0,1,1,0,6,3,0,0,132,70,76,73.1,568,148,18,2,23,26,6,1,84,6,0,3,4.77,5.18,4.98,5.18,1.32,1.93
13088,김영규,2000년 02월 10일,좌투좌타,광주서석초-무등중-광주제일고,18 NC 2차 8라운드 79순위,2025,NC,25,P,45,0,45,1,0,0,4,3,0,21,44,14,17,18.05,189,40,4,0,3,18,3,4,35,3,0,6,2.86,3.48,3.69,4.05,1.32,1.21
13092,김선기,1991년 09월 01일,우투우타,석교초-세광중-세광고,18 넥센 2차 1라운드 8순위,2025,키움,34,P,44,8,36,7,0,0,1,7,0,2,78,49,55,51.2,381,96,17,0,6,47,11,1,43,4,0,2,5.65,6.35,5.91,5.79,1.83,-0.29
13103,성동현,1999년 05월 18일,우투우타,백마초-홍은중-장충고,18 LG 2차 1라운드 7순위,2025,LG,26,P,12,0,12,6,0,0,0,0,0,0,9,9,9,9.65,45,10,0,0,2,9,0,0,6,0,0,1,9,9,9.65,8.1,2.11,-0.28
13115,하준영,1999년 09월 06일,좌투좌타,이수초-성남중-성남고,18 KIA 2차 2라운드 16순위,2025,NC,26,P,10,0,10,2,0,0,1,1,0,1,5.1,4,4,4.7,33,10,4,0,0,7,0,1,5,1,0,0,6.75,6.75,7.93,5.17,3.19,-0.15
13122,윤중현,1995년 04월 25일,우언우타,광주서석초-무등중-광주제일고-성균관대,18 KIA 2차 9라운드 86순위,2025,KIA,30,P,13,0,13,6,0,0,1,0,0,0,10.1,5,5,5.9,48,10,4,0,2,7,0,2,7,1,0,1,4.35,4.35,5.14,6.08,1.65,0.07
13124,김정우,1999년 05월 15일,우투우타,소래초-동산중-동산고,18 SK 1차,2025,두산,26,P,18,0,18,9,0,0,0,0,1,1,21,9,12,14.6,103,26,4,0,1,9,3,0,13,3,0,1,3.86,5.14,6.26,4.77,1.67,-0.02
13126,최민준,1999년 06월 11일,우투우타,수영초-경남중-경남고,18 SK 2차 2라운드 15순위,2025,SSG,26,P,40,8,32,10,0,0,2,2,0,1,65.2,29,34,33.5,287,72,7,0,6,24,3,0,44,4,0,3,3.97,4.66,4.59,4.65,1.46,0.99
13130,이채호,1998년 11월 23일,우언우타,김해엔젤스-양산원동중-용마고,18 SK 2차 6라운드 55순위,2025,KT,27,P,10,1,9,2,0,0,0,0,0,0,11.2,8,8,10.05,53,12,3,2,1,5,2,1,8,0,0,0,6.17,6.17,7.75,4.87,1.46,-0.1
13147,정성종,1995년 11월 16일,우투좌타,광주서석초-무등중-광주제일고-인하대,18 롯데 2차 2라운드 13순위,2025,롯데,30,P,2,0,2,0,0,0,0,0,0,0,2.1,1,1,1.7,10,3,1,0,1,0,0,0,0,0,0,0,3.86,3.86,6.56,9.02,1.29,0.01
13156,최채흥,1995년 01월 22일,좌투좌타,동천초-포항중-상원고-한양대,18 삼성 1차,2025,LG,30,P,13,4,9,3,0,0,0,1,0,2,29,17,17,17.35,132,35,6,2,3,14,1,0,21,0,0,2,5.28,5.28,5.38,4.99,1.69,0.17
13157,양창섭,1999년 09월 22일,우투우타,노원-청량중-덕수고,18 삼성 2차 1라운드 2순위,2025,삼성,26,P,33,6,27,6,0,0,3,3,0,2,63,24,29,31.75,276,67,10,0,3,19,9,1,45,3,0,4,3.43,4.14,4.54,4.12,1.37,1.04
13167,김민,1999년 04월 14일,우투우타,숭의초-평촌중-유신고,18 KT 1차,2025,SSG,26,P,70,0,70,6,0,0,5,2,1,22,63.2,21,23,21.6,266,60,7,0,7,17,6,2,65,4,0,4,2.97,3.25,3.05,3.83,1.21,1.99
13228,한두솔,1997년 01월 15일,좌투좌타,광주수창초-진흥중-광주제일고,18 KT 육성선수,2025,SSG,28,P,44,0,44,7,0,0,2,0,1,3,36.1,20,22,20.3,169,46,5,0,1,19,1,1,27,2,0,1,4.95,5.45,5.03,4.06,1.79,0.36
13244,이재익,1994년 03월 18일,좌투좌타,삼일초-중앙중-유신고,13 삼성 8라운드 68순위,2025,삼성,31,P,7,0,7,1,0,0,1,0,0,0,7.1,1,1,1,31,8,0,1,0,2,0,0,6,0,0,1,1.23,1.23,1.23,2.75,1.36,0.33
13245,이상규,1996년 10월 20일,우투우타,흥인초-청원중-청원고,15 LG 2차 7라운드 70순위,2025,한화,29,P,5,0,5,4,0,0,0,1,0,0,9,8,9,9.5,47,16,2,1,0,4,0,0,5,1,0,0,8,9,9.5,3.95,2.22,-0.29
13268,김호준,1998년 05월 17일,좌투좌타,일산초-성일중-안산공고,18 두산 육성선수,2025,두산,27,P,19,0,19,3,0,0,0,1,0,1,10.2,8,11,9.8,54,14,3,0,2,7,0,1,7,2,0,1,6.75,9.28,8.27,6.61,1.97,-0.24
13941,알칸타라,1992년 12월 04일,우투우타,-,19 KT 자유선발,2025,키움,33,P,19,19,0,0,0,0,8,4,0,0,121,44,50,50,492,125,20,3,11,10,4,0,92,6,0,3,3.27,3.72,3.72,3.47,1.12,3
13942,쿠에바스,1990년 10월 14일,우투우타,베네수엘라 Universidad De Carabobo(대),19 KT 자유선발,2025,KT,35,P,18,18,0,0,0,0,3,10,0,0,98.1,59,69,66.75,445,104,14,2,13,46,5,0,60,5,1,4,5.4,6.32,6.11,5.63,1.53,0.37
14106,전용주,2000년 02월 12일,좌투좌타,안성-성일중-안산공고,19 KT 1차,2025,KT,25,P,21,0,21,0,0,0,0,1,0,4,13.2,6,8,6.8,66,18,4,0,0,7,0,1,11,0,0,3,3.95,5.27,4.48,3.55,1.83,0.17
14108,손동현,2001년 01월 23일,우투좌타,강서-덕수중-성남고,19 KT 2차 3라운드 21순위,2025,KT,24,P,58,0,58,7,0,0,5,0,1,13,58.2,25,30,28.8,257,66,16,1,6,12,3,3,55,3,0,4,3.84,4.6,4.42,3.45,1.33,0.94
14109,이상동,1995년 11월 24일,우투우타,옥산초-경복중-경북고-영남대,19 KT 2차 4라운드 31순위,2025,KT,30,P,41,0,41,5,0,0,3,0,0,5,43.1,12,12,14.7,168,31,6,0,4,9,2,1,34,0,0,1,2.49,2.49,3.05,3.87,0.92,1.12
14113,원태인,2000년 04월 06일,우투우타,율하초-중구-경복중-경북고,19 삼성 1차,2025,삼성,25,P,27,27,0,0,0,0,12,4,0,0,166.2,60,66,65,671,157,32,2,20,27,6,1,108,6,0,1,3.24,3.56,3.51,4.36,1.1,4.91
14128,김도현,2000년 09월 15일,우투우타,동대문-잠신중-신일고,19 한화 2차 4라운드 33순위,2025,KIA,25,P,24,24,0,0,0,0,4,7,0,0,125.1,67,79,75.75,561,149,28,4,11,33,10,0,71,11,1,5,4.81,5.67,5.44,4.64,1.45,0.97
14130,박주성,2000년 11월 09일,우투우타,성동구-건대부중-경기고,19 넥센 1차,2025,키움,25,P,18,6,12,5,0,0,2,3,0,1,52,38,40,41.4,235,63,11,2,9,16,3,0,26,2,0,2,6.58,6.92,7.17,5.9,1.52,-0.51
14132,조영건,1999년 02월 04일,우투우타,대전신흥초-충남중-백송고,19 넥센 2차 2라운드 14순위,2025,키움,26,P,51,6,45,16,0,0,5,5,8,7,77.2,49,51,51.85,353,84,18,1,12,38,4,0,47,3,0,5,5.68,5.91,6.01,5.97,1.57,-0.51
14134,이정용,1996년 03월 26일,우투좌타,영일초-성남중-성남고-동아대,19 LG 1차,2025,LG,29,P,39,0,39,3,0,0,6,1,1,7,34,19,19,16.05,139,32,3,1,3,12,2,0,26,0,0,0,5.03,5.03,4.25,4.37,1.29,0.57
14136,정우영,1999년 08월 19일,우언우타,가평초-강남중-서울고,19 LG 2차 2라운드 15순위,2025,LG,26,P,4,0,4,1,0,0,0,0,0,0,2.2,6,6,3.25,13,1,0,0,1,4,1,0,3,0,0,0,20.25,20.25,10.97,11.57,1.88,-0.11
14142,임준형,2000년 11월 16일,좌투좌타,광주서석초-진흥중-진흥고,19 LG 2차 8라운드 75순위,2025,LG,25,P,5,0,5,3,0,0,0,0,0,0,4.2,1,1,0.5,18,4,1,0,0,2,0,0,2,0,0,0,1.93,1.93,0.96,4.22,1.29,0.16
14142,임준형,2000년 11월 16일,좌투좌타,광주서석초-진흥중-진흥고,19 LG 2차 8라운드 75순위,2025,KT,25,P,5,0,5,0,0,0,0,0,0,0,4,4,6,6.65,24,7,0,0,0,5,1,0,4,0,0,1,9,13.5,14.96,6.22,3,-0.35
14143,이지강,1999년 07월 02일,우투우타,수원북중-소래고,19 LG 2차 9라운드 85순위,2025,LG,26,P,43,1,42,7,0,0,1,2,3,4,47.1,28,29,31.6,211,50,9,2,4,24,1,0,39,2,1,1,5.32,5.51,6.01,4.55,1.56,-0.04
14156,전사민,1999년 07월 06일,우투우타,부산동래마린스-대신중-부산정보고,19 NC 2차 2라운드 17순위,2025,NC,26,P,74,0,74,6,0,0,7,7,2,13,82.1,39,45,45.35,370,86,12,2,3,33,11,4,62,7,0,7,4.26,4.92,4.96,4.02,1.45,0.83
14162,김현수,2000년 07월 10일,우투우타,효제초-홍은중-장충고,19 롯데 2차 3라운드 28순위,2025,KIA,25,P,18,0,18,12,0,0,0,0,0,0,18.1,5,5,7.6,86,17,3,1,2,13,1,5,11,0,0,2,2.45,2.45,3.73,5.46,1.64,0.29
14163,박진,1999년 04월 02일,우투우타,대연초-부산중-부산고,19 롯데 2차 4라운드 38순위,2025,롯데,26,P,51,5,46,11,0,0,3,3,1,3,69.1,41,42,49.9,302,76,10,3,10,22,1,0,50,3,0,5,5.32,5.45,6.48,4.89,1.41,0.03
14173,이교훈,2000년 05월 29일,좌투좌타,구리초-남양주-청원중-서울고,19 두산 2차 3라운드 29순위,2025,두산,25,P,10,0,10,3,0,0,1,0,0,0,7.2,1,2,3.2,29,4,1,0,0,4,1,0,7,0,0,2,1.17,2.35,3.76,3.72,1.04,0.17
14176,김기훈,2000년 01월 03일,좌투좌타,광주수창초-무등중-광주동성고,19 KIA 1차,2025,KIA,25,P,24,0,24,2,0,0,1,1,0,0,27.2,10,11,13.55,117,25,8,1,2,10,1,0,27,1,0,2,3.25,3.58,4.41,3.61,1.27,0.36
14177,홍원빈,2000년 10월 16일,우투우타,안말초-용인수지-강남중-덕수고,19 KIA 2차 1라운드 10순위,2025,KIA,25,P,2,0,2,1,0,0,0,0,0,0,1.2,5,5,3.45,11,2,0,0,0,4,0,0,1,0,0,2,27,27,18.63,10.1,3.6,-0.13
14196,윤산흠,1999년 05월 15일,우투우타,광주화정초-진흥중-영선고,19 두산 육성선수,2025,한화,26,P,12,1,11,4,0,0,0,0,0,0,16.2,7,7,7,73,16,5,0,1,5,3,0,17,1,1,1,3.78,3.78,3.78,3.62,1.26,0.36
14573,제환유,2000년 09월 30일,우투좌타,둔산초-공주중-공주고,20 두산 2차 2라운드 19순위,2025,두산,25,P,6,3,3,0,0,0,0,1,0,0,16.1,9,10,10.5,78,17,1,0,2,12,1,1,8,0,0,0,4.96,5.51,5.79,6.7,1.78,0.14
14581,오원석,2001년 04월 23일,좌투좌타,수진초-매송중-야탑고,20 SK 1차,2025,KT,24,P,25,25,0,0,0,0,11,8,0,0,132.1,54,60,55.75,565,130,25,1,10,52,4,1,113,5,0,5,3.67,4.08,3.79,4.04,1.38,3.35
14593,김태경,2001년 04월 07일,우투우타,김해삼성초-김해내동중-용마고,20 NC 1차,2025,NC,24,P,6,4,2,0,0,0,0,0,0,1,11,13,20,19.65,62,18,3,0,4,9,2,1,10,1,0,1,10.64,16.36,16.08,8.88,2.45,-0.83
14600,소형준,2001년 09월 16일,우투우타,의정부-구리인창중-유신고,20 KT 1차,2025,KT,24,P,26,24,2,1,0,0,10,7,1,0,147.1,54,60,58.8,617,155,24,3,6,29,3,1,123,5,0,4,3.3,3.67,3.59,2.99,1.25,3.72
14601,이강준,2001년 12월 14일,우투우타,서당초-설악중-설악고,20 KT 2차 3라운드 22순위,2025,키움,24,P,29,0,29,3,0,0,0,3,0,2,24.2,18,22,18.9,119,29,5,0,3,17,2,0,26,3,0,2,6.57,8.03,6.9,5.2,1.86,-0.33
14607,유지성,2000년 11월 15일,좌투좌타,수유초-자양중-북일고,20 KIA 2차 4라운드 36순위,2025,KIA,25,P,1,0,1,1,0,0,0,0,0,0,1,0,0,0,3,0,0,0,0,0,0,0,0,0,0,0,0,0,0,3.92,0,0.04
14608,정해영,2001년 08월 23일,우투우타,대성초-광주동성중-광주제일고,20 KIA 1차,2025,KIA,24,P,60,0,60,50,0,0,3,7,27,0,61.2,26,30,31.35,275,75,13,0,4,18,3,1,72,3,0,1,3.79,4.38,4.58,2.86,1.51,0.7
14614,홍원표,2001년 03월 27일,우투우타,신도초-부천중-부천고,20 삼성 2차 3라운드 25순위,2025,삼성,24,P,2,0,2,2,0,0,0,1,0,0,2,1,1,2.2,12,3,0,0,0,2,1,1,1,0,0,0,4.5,4.5,9.9,5.87,2.5,-0.06
14615,황동재,2001년 11월 03일,우투우타,율하초-경운중-경북고,20 삼성 1차,2025,삼성,24,P,15,1,14,5,0,0,0,1,0,0,20.2,16,16,14.25,104,27,2,0,1,14,2,0,22,0,0,3,6.97,6.97,6.21,4.31,1.98,0.1
14616,이승민,2000년 08월 26일,좌투좌타,본리초-경상중-대구고,20 삼성 2차 4라운드 35순위,2025,삼성,25,P,62,1,61,11,0,0,3,2,0,8,64.1,27,37,41.5,280,61,15,2,5,26,3,2,53,3,0,1,3.78,5.18,5.81,4.18,1.35,0.36
14624,최준용,2001년 10월 10일,우투우타,수영초-대천중-경남고,20 롯데 1차,2025,롯데,24,P,49,0,49,4,0,0,4,4,1,17,54.1,32,35,32.8,234,50,9,1,5,16,6,0,62,6,0,3,5.3,5.8,5.43,3.46,1.21,0.33
14625,홍민기,2001년 07월 20일,좌투좌타,법동초-한밭중-대전고,20 롯데 2차 1라운드 4순위,2025,롯데,24,P,25,2,23,2,0,0,0,2,0,3,32,11,13,10.7,129,24,5,1,0,11,2,0,39,1,0,1,3.09,3.66,3.01,2.17,1.09,1.06
14651,이종준,2001년 03월 09일,우투우타,중앙초-군산남중-군산상고,20 NC 2차 9라운드 81순위,2025,LG,24,P,2,0,2,2,0,0,0,0,0,0,1.2,0,0,0.85,6,0,0,0,0,1,0,0,2,0,0,0,0,0,4.59,2.84,0.6,0.02
14657,장재혁,2001년 08월 02일,우투우타,부산금강초-대신중-경남고,20 KIA 2차 6라운드 56순위,2025,KIA,24,P,3,0,3,1,0,0,0,0,0,0,3,2,2,2,13,3,0,0,1,3,0,0,2,0,0,0,6,6,6,9.42,2,-0.01
14658,최용준,2001년 12월 19일,우투우타,양산신양초-경남중-부산공고,20 KIA 2차 10라운드 96순위,2025,KT,24,P,7,0,7,1,0,0,1,0,0,0,9,2,2,2.5,39,13,1,0,0,2,0,1,5,0,0,0,2,2,2.5,2.89,1.67,0.24
14669,유영찬,1997년 03월 07일,우투우타,안산-배명중-배명고-건국대,20 LG 2차 5라운드 43순위,2025,LG,28,P,39,0,39,35,0,0,2,2,21,1,41,12,14,17.95,177,31,7,0,2,23,3,3,52,2,0,3,2.63,3.07,3.94,3.2,1.32,0.92
14687,박시후,2001년 05월 10일,좌투좌타,상인천초-상인천중-인천고,20 SK 2차 10라운드 100순위,2025,SSG,24,P,52,1,51,6,0,0,6,2,0,3,52.1,19,24,29.45,231,45,3,0,5,29,5,1,34,5,1,0,3.27,4.13,5.06,5.45,1.41,0.38
14708,강재민,1997년 04월 03일,우언우타,양덕초-마산중-용마고-단국대,20 한화 2차 4라운드 38순위,2025,한화,28,P,4,0,4,3,0,0,0,0,0,0,4,4,4,4,20,6,1,0,1,2,1,0,5,0,0,0,9,9,9,6.17,2,-0.07
14711,김승일,2001년 07월 07일,우언우타,해운대-센텀중-경남고,20 한화 2차 10라운드 98순위,2025,한화,24,P,5,0,5,2,0,0,0,0,0,0,2.2,7,7,5.65,17,3,0,0,1,3,3,0,3,0,0,1,23.63,23.63,19.07,12.77,2.25,-0.18
14733,최종인,2001년 05월 01일,우투우타,해강초-센텀중-부산고,20 두산 2차 9라운드 89순위,2025,두산,24,P,3,0,3,2,0,0,0,0,0,0,1.2,1,1,1.2,9,1,0,0,0,3,0,0,5,0,0,2,5.4,5.4,6.48,2.18,2.4,0
14747,김재열,1996년 01월 02일,우투우타,양정초-개성중-부산고,14 롯데 2차 7라운드 71순위,2025,NC,29,P,22,0,22,10,0,0,0,1,0,2,21.2,15,16,23.55,111,32,6,1,5,16,1,1,16,1,0,2,6.23,6.65,9.78,7.33,2.22,-0.73
14764,한재승,2001년 11월 21일,우투우타,동막초-상인천중-인천고,21 NC 2차 4라운드 36순위,2025,NC,24,P,18,0,18,5,0,0,0,0,0,0,18,6,9,7.8,87,19,3,0,1,19,0,0,18,0,0,3,3,4.5,3.9,5.46,2.11,0.36
14764,한재승,2001년 11월 21일,우투우타,동막초-상인천중-인천고,21 NC 2차 4라운드 36순위,2025,KIA,24,P,18,0,18,3,0,0,1,0,1,1,15.1,18,20,21.7,74,21,1,0,4,12,1,0,17,0,0,1,10.57,11.74,12.74,6.96,2.15,-0.92
14770,최승용,2001년 05월 11일,좌투좌타,양오초-모가중-소래고,21 두산 2차 2라운드 20순위,2025,두산,24,P,23,23,0,0,0,0,5,7,0,0,116.1,57,60,59.3,507,121,20,4,8,36,6,0,71,6,0,4,4.41,4.64,4.59,4.37,1.35,1.7
14776,한차현,1998년 11월 30일,우투우타,남양주-청원중-포철공고-성균관대,21 KT 2차 2라운드 15순위,2025,KT,27,P,2,0,2,1,0,0,0,0,0,0,1.2,3,3,3,11,4,0,0,0,2,0,0,1,0,0,1,16.2,16.2,16.2,6.26,3.6,-0.08
14781,김진수,1998년 08월 31일,우투우타,군산중-군산상고-중앙대,21 LG 2차 2라운드 17순위,2025,LG,27,P,4,0,4,3,0,0,0,0,0,0,5,5,5,5,27,11,3,0,2,1,0,0,6,0,0,0,9,9,9,6.32,2.4,-0.07
14788,이의리,2002년 06월 16일,좌투좌타,수창초-충장중-광주제일고,21 KIA 1차,2025,KIA,23,P,10,10,0,0,0,0,1,4,0,0,39.2,35,37,34.25,193,41,9,3,6,31,3,0,42,2,0,1,7.94,8.39,7.77,5.81,1.82,-0.36
14792,김진욱,2002년 07월 05일,좌투좌타,수원신곡초-춘천중-강릉고,21 롯데 2차 1라운드 1순위,2025,롯데,23,P,14,6,8,0,0,0,1,3,0,0,27,30,32,32.7,136,42,6,0,10,16,2,0,24,1,0,0,10,10.67,10.9,8.24,2.15,-0.73
14794,송재영,2002년 06월 20일,좌투좌타,수원영통-매향중-라온고,21 롯데 2차 4라운드 31순위,2025,롯데,23,P,46,0,46,6,0,0,1,0,0,3,27,12,13,16.8,121,19,4,0,3,24,0,0,28,3,0,2,4,4.33,5.6,5.49,1.59,0.13
14795,정우준,2000년 03월 17일,우투우타,남양주-청원중-서울고-강릉영동대,21 롯데 2차 6라운드 51순위,2025,롯데,25,P,3,0,3,2,0,0,0,0,0,0,3.1,2,2,2,16,6,3,0,0,0,1,0,3,0,0,0,5.4,5.4,5.4,2.63,1.8,0.03
14798,이승현,2002년 05월 19일,좌투좌타,남도초-경복중-상원고,21 삼성 1차,2025,삼성,23,P,25,23,2,0,0,0,4,9,0,0,101.1,61,64,60.4,471,121,23,2,10,46,9,0,74,6,0,2,5.42,5.68,5.36,5,1.65,1.39
14799,이재희,2001년 10월 11일,우투좌타,대전신흥초-한밭중-대전고,21 삼성 2차 1라운드 3순위,2025,삼성,24,P,11,0,11,1,0,0,0,2,0,4,9,3,3,2.8,39,7,1,1,0,5,0,0,9,0,0,0,3,3,2.8,3.2,1.33,0.32
14803,김건우,2002년 07월 12일,좌투좌타,인천서구-동산중-제물포고,21 SK 1차,2025,SSG,23,P,35,13,22,5,0,0,5,4,0,2,66,28,31,30.3,301,53,14,0,2,49,7,1,68,5,0,4,3.82,4.23,4.13,4.37,1.55,1.35
14805,조병현,2002년 05월 08일,우투우타,온양온천초-세광중-세광고,21 SK 2차 3라운드 28순위,2025,SSG,23,P,69,0,69,55,0,0,5,4,30,0,67.1,12,13,15.25,255,42,7,0,5,18,0,2,79,0,0,1,1.6,1.74,2.04,2.63,0.89,3.37
14808,김기중,2002년 11월 16일,좌투좌타,부곡초-매송중-유신고,21 한화 2차 1라운드 2순위,2025,한화,23,P,5,2,3,2,0,0,0,1,0,0,14.2,5,5,5,66,16,2,1,0,6,1,0,8,1,0,1,3.07,3.07,3.07,4.08,1.5,0.3
14816,우강훈,2002년 10월 03일,우언우타,희망대초-매송중-야탑고,21 롯데 2차 5라운드 41순위,2025,LG,23,P,11,0,11,4,0,0,0,0,0,0,9.2,5,5,5.7,46,12,2,0,0,6,2,0,5,0,0,0,4.66,4.66,5.31,5.27,1.86,0.06
14846,송승기,2002년 04월 10일,좌투좌타,삼일초-매향중-야탑고,21 LG 2차 9라운드 87순위,2025,LG,23,P,28,27,1,0,0,0,11,6,0,0,144,56,61,59.75,629,149,25,1,15,49,1,0,125,7,0,2,3.5,3.81,3.73,4.1,1.38,3.55
15011,반즈,1995년 10월 01일,좌투좌타,미국 Clemson(대),22 롯데 자유선발,2025,롯데,30,P,8,8,0,0,0,0,3,4,0,0,45.2,27,31,30.15,204,47,14,2,4,17,2,0,38,3,0,2,5.32,6.11,5.94,4.21,1.4,0.3
15013,문동주,2003년 12월 23일,우투우타,광주화정초-무등중-진흥고,22 한화 1차,2025,한화,22,P,24,23,1,2,1,0,11,5,0,0,121,54,57,55.8,501,112,16,5,7,31,3,0,135,2,0,11,4.02,4.24,4.15,2.72,1.18,2.53
15014,박준영,2003년 03월 02일,우투우타,우암초-청주-세광중-세광고,22 한화 2차 1라운드 1순위,2025,한화,22,P,1,1,0,0,0,0,0,0,0,0,5,2,2,2,24,3,0,0,0,6,0,0,3,0,0,0,3.6,3.6,3.6,6.26,1.8,0.15
15032,전영준,2002년 04월 16일,우투우타,부곡초-휘문중-대구고,22 SSG 2차 9라운드 82순위,2025,SSG,23,P,34,5,29,6,0,0,1,5,0,0,52.2,27,28,26.5,228,48,9,0,5,26,5,1,55,2,0,3,4.61,4.78,4.53,4.26,1.41,0.75
15045,이민석,2003년 12월 10일,우투우타,수영초-대천중-개성고,22 롯데 1차,2025,롯데,22,P,20,17,3,0,0,0,2,5,0,0,87.1,51,56,53.05,417,104,13,2,10,56,2,0,61,5,0,2,5.26,5.77,5.47,5.66,1.83,0.95
15057,최지민,2003년 09월 10일,좌투좌타,강릉-경포중-강릉고,22 KIA 2차 1라운드 5순위,2025,KIA,22,P,66,0,66,10,0,0,2,4,0,9,53.1,39,40,35.15,253,46,7,1,5,51,4,0,39,3,0,4,6.58,6.75,5.93,6.51,1.82,-0.15
15063,황동하,2002년 07월 30일,우투우타,진북초-전라중-인상고,22 KIA 2차 7라운드 65순위,2025,KIA,23,P,18,3,15,3,0,0,1,2,0,0,35.2,21,21,22.7,155,38,14,1,4,10,3,0,31,1,0,0,5.3,5.3,5.73,4.25,1.35,0.06
15067,주승우,2000년 01월 30일,우투우타,의정부-영동중-서울고-성균관대,22 키움 1차,2025,키움,25,P,42,0,42,25,0,0,2,2,16,5,44,12,13,14.35,179,35,1,0,7,17,2,0,35,3,0,1,2.45,2.66,2.94,5.21,1.18,1.35
15071,윤석원,2003년 07월 04일,좌투좌타,대연초-개성중-부산고,22 키움 2차 4라운드 36순위,2025,키움,22,P,37,0,37,10,0,0,1,1,0,8,37.1,23,23,23.05,160,41,9,3,3,12,2,2,27,0,0,0,5.54,5.54,5.56,4.18,1.42,-0.15
15089,박영현,2003년 10월 11일,우투우타,부천북초-부천중-유신고,22 KT 1차,2025,KT,22,P,67,0,67,53,0,0,5,6,35,1,69,26,31,35.7,305,68,10,1,9,34,2,4,77,3,1,6,3.39,4.04,4.66,3.99,1.48,0.95
15099,이병헌,2003년 06월 04일,좌투좌타,역삼초-영동중-서울고,22 두산 1차,2025,두산,22,P,22,0,22,2,0,0,0,0,0,4,13,9,9,9.3,56,11,1,0,1,10,0,2,9,0,0,0,6.23,6.23,6.44,5.07,1.62,-0.12
15104,윤태호,2003년 10월 10일,우투우타,상인천초-동인천중-인천고,22 두산 2차 5라운드 49순위,2025,두산,22,P,10,1,9,2,0,0,0,1,0,1,17.1,13,14,13.5,73,16,6,0,2,5,0,0,16,1,0,2,6.75,7.27,7.01,3.91,1.21,-0.14
15111,이준혁,2003년 06월 30일,우투좌타,용인처인-성일중-율곡고,22 NC 2차 1라운드 10순위,2025,NC,22,P,25,3,22,5,0,0,1,3,0,0,37,30,33,32.1,170,43,7,1,8,20,6,2,30,0,0,4,7.3,8.03,7.81,6.54,1.7,-0.5
15113,김녹원,2003년 05월 17일,우투우타,광주학강초-무등중-광주제일고,22 NC 2차 3라운드 30순위,2025,NC,22,P,21,16,5,1,0,0,3,4,0,1,70,51,53,47.35,327,75,13,1,10,47,3,0,37,3,0,4,6.56,6.81,6.09,6.58,1.74,0.32
15115,임지민,2003년 10월 11일,우투우타,가평-춘천중-강원고,22 NC 2차 5라운드 50순위,2025,NC,22,P,7,0,7,3,0,0,0,1,0,1,4.2,2,2,2,20,1,0,0,0,5,0,0,7,0,0,0,3.86,3.86,3.86,3.6,1.29,0.08
15119,조민석,1998년 12월 21일,우투우타,천안남산초-천안북중-부천고-원광대,22 NC 2차 9라운드 90순위,2025,NC,27,P,6,2,4,1,0,0,0,1,0,0,13,10,10,8.95,61,12,2,0,3,11,2,0,4,1,0,2,6.92,6.92,6.2,9.1,1.77,0.02
15127,최지강,2001년 07월 23일,우투좌타,광주서석초-광주동성중-광주동성고-강릉영동대,22 두산 육성선수,2025,두산,24,P,39,0,39,9,0,0,2,5,0,5,32.2,23,25,25.35,149,41,5,0,3,13,2,1,38,0,0,3,6.34,6.89,6.98,3.47,1.65,-0.56
15265,코엔 윈,1999년 01월 25일,우투우타,-,25 LG 부상 대체 외국인선수,2025,LG,26,P,5,5,0,0,0,0,1,1,0,0,23,18,19,18.15,107,28,7,0,4,4,5,0,8,2,0,0,7.04,7.43,7.1,6.37,1.39,-0.06
15421,김서현,2004년 05월 31일,우투우타,효제초-자양중-서울고,23 한화 1라운드 1순위,2025,한화,21,P,69,0,69,52,0,0,2,4,33,2,66,23,23,25.75,280,52,7,3,4,31,8,3,71,1,0,7,3.14,3.14,3.51,3.7,1.26,1.99
15432,윤영철,2004년 04월 20일,좌투좌타,서대문구-충암중-충암고,23 KIA 1라운드 2순위,2025,KIA,21,P,13,13,0,0,0,0,2,7,0,0,50,31,37,32.85,227,52,7,0,4,30,1,0,43,3,0,4,5.58,6.66,5.91,4.7,1.64,0.18
15435,곽도규,2004년 04월 12일,좌투좌타,공주중-공주고,23 KIA 5라운드 42순위,2025,KIA,21,P,9,0,9,1,0,0,0,0,0,3,4,6,6,4.3,22,3,0,0,0,6,2,0,5,0,0,1,13.5,13.5,9.68,7.19,2.25,-0.24
15437,이도현,2005년 01월 07일,우투우타,가동초-휘문중-휘문고,23 KIA 7라운드 62순위,2025,KIA,20,P,6,2,4,1,0,0,1,1,0,0,13,10,11,10.3,65,17,5,0,1,8,1,0,9,2,0,1,6.92,7.62,7.13,5.32,1.92,-0.02
15450,신영우,2004년 04월 21일,우투우타,센텀중-경남고,23 NC 1라운드 4순위,2025,NC,21,P,8,3,5,2,0,0,1,3,0,0,14.1,12,13,13.15,68,8,2,0,2,16,3,0,19,0,0,4,7.53,8.16,8.26,6.51,1.67,-0.2
15453,목지훈,2004년 05월 11일,우투우타,효제초-청량중-신일고,23 NC 4라운드 34순위,2025,NC,21,P,16,15,1,0,0,0,3,5,0,0,58,39,42,40.8,280,68,8,3,6,42,5,1,45,0,2,9,6.05,6.52,6.33,5.75,1.9,0.2
15461,이로운,2004년 09월 11일,우투우타,본리초-경복중-대구고,23 SSG 1라운드 5순위,2025,SSG,21,P,75,0,75,5,0,0,6,5,1,33,77,17,19,23.85,305,56,4,1,7,26,0,5,66,1,0,2,1.99,2.22,2.79,3.77,1.06,2.85
15462,송영진,2004년 05월 28일,우투양타,유천초-한밭중-대전고,23 SSG 2라운드 15순위,2025,SSG,21,P,21,8,13,2,0,0,2,5,0,0,63.1,41,45,43.45,288,77,5,1,10,31,3,1,40,1,0,2,5.83,6.39,6.17,5.89,1.71,0.17
15475,박윤성,2004년 02월 08일,우투우타,수영초-개성중-경남고,23 키움 3라운드 26순위,2025,키움,21,P,54,0,54,11,0,0,0,5,1,6,51.2,26,31,37.7,226,55,12,0,9,19,1,0,40,2,1,4,4.53,5.4,6.57,5.29,1.43,-0.73
15485,김동규,2004년 07월 09일,우투우타,서울청구초-영남중-성남고,23 LG 2라운드 17순위,2025,키움,21,P,9,0,9,6,0,0,0,0,0,0,8,6,11,11,49,13,1,0,2,11,0,0,10,1,0,4,6.75,12.38,12.38,8.17,3,-0.22
15486,박명근,2004년 03월 27일,우언우타,구리-구리인창중-라온고,23 LG 3라운드 27순위,2025,LG,21,P,44,0,44,13,0,0,3,4,4,10,38.2,21,21,18.05,168,36,5,1,5,16,5,2,30,0,1,0,4.89,4.89,4.2,5.09,1.34,0.62
15496,이호성,2004년 08월 14일,우투우타,부천소사-동인천중-인천고,23 삼성 1라운드 8순위,2025,삼성,21,P,58,0,58,24,0,0,7,4,9,3,55.1,39,44,37.3,252,54,7,2,7,29,2,0,69,6,1,0,6.34,7.16,6.07,4.1,1.5,-0.03
15508,최준호,2004년 06월 03일,우투우타,온양온천초-온양중-북일고,23 두산 1라운드 9순위,2025,두산,21,P,9,3,6,2,0,0,1,2,0,0,16,15,15,14.15,74,18,5,0,4,9,2,0,11,0,0,2,8.44,8.44,7.96,7.37,1.69,-0.13
15509,김유성,2002년 01월 01일,우투우타,김해삼성초-김해내동중-김해고-고려대,23 두산 2라운드 19순위,2025,두산,23,P,7,4,3,1,0,0,0,2,0,0,17.1,17,17,15.6,85,17,2,0,3,14,4,0,22,0,0,1,8.83,8.83,8.1,6.13,1.79,-0.14
15527,강건,2004년 07월 12일,우투우타,수원영통-매향중-장안고,23 KT 11라운드 110순위,2025,KT,21,P,2,1,1,1,0,0,0,1,0,0,3.2,10,10,10.5,26,7,2,0,1,7,1,0,1,0,0,0,24.55,24.55,25.77,13.46,3.82,-0.39
15531,후라도,1996년 01월 30일,우투우타,-,23 키움 자유선발,2025,삼성,29,P,30,30,0,3,3,2,15,8,0,0,197.1,57,65,64.5,786,177,17,3,17,36,4,0,142,5,0,3,2.6,2.96,2.94,3.79,1.08,7.57
15861,레예스,1996년 11월 02일,우투우타,-,24 삼성 자유선발,2025,삼성,29,P,10,10,0,0,0,0,4,3,0,0,50,23,26,24.8,215,51,7,1,5,12,3,0,35,1,0,0,4.14,4.68,4.46,4.32,1.26,1.06
15864,육선엽,2005년 07월 13일,우투우타,백마초-신월중-장충고,24 삼성 1라운드 4순위,2025,삼성,20,P,27,1,26,8,0,0,0,1,0,1,28.2,17,21,19.45,133,23,3,0,4,24,0,0,19,5,0,2,5.34,6.59,6.11,6.6,1.64,0
15866,정민성,2005년 05월 09일,우투우타,중앙초-군산중-군산상고,24 삼성 4라운드 34순위,2025,삼성,20,P,1,1,0,0,0,0,0,1,0,0,1,4,4,4,7,3,2,1,0,0,2,0,0,0,0,1,36,36,36,10.32,3,-0.17
15882,김대호,2001년 10월 15일,우투우타,제주신광초-이평중-군산상고-고려대,24 삼성 육성선수,2025,삼성,24,P,11,4,7,5,0,0,0,1,0,0,21,12,13,13,105,25,6,0,3,15,1,0,19,2,0,1,5.14,5.57,5.57,5.79,1.9,0.2
16027,원상현,2004년 10월 16일,우투우타,부산진구-개성중-부산고,24 KT 1라운드 7순위,2025,KT,21,P,52,0,52,5,0,0,0,3,0,14,57,33,35,34.6,259,56,10,0,8,35,1,3,45,1,0,4,5.21,5.53,5.46,5.52,1.6,0.19
16040,박기호,2005년 07월 26일,우투우타,청주-현도중-청주고,24 SSG 3라운드 30순위,2025,SSG,20,P,18,1,17,6,0,0,0,0,0,2,24,8,10,12.2,110,23,2,0,3,12,8,1,13,1,0,2,3,3.75,4.58,6.59,1.46,0.32
16041,최현석,2003년 10월 16일,우투우타,서흥초-동산중-동산고-부산과학기술대,24 SSG 4라운드 40순위,2025,SSG,22,P,13,0,13,8,0,0,0,0,0,0,17.1,12,13,12.15,77,21,2,0,5,6,2,0,11,0,0,1,6.23,6.75,6.31,7.24,1.56,0.02
16049,김민규,2001년 09월 07일,우투우타,광주서석초-진흥중-광주동성고-경성대,24 NC 육성선수,2025,NC,24,P,7,0,7,1,0,0,0,0,0,1,4.2,4,4,3.9,23,5,2,0,0,4,0,1,2,0,0,0,7.71,7.71,7.52,4.9,1.93,-0.07
16053,임상현,2005년 07월 16일,우투우타,김천시-구미중-상원고,24 NC 2라운드 15순위,2025,NC,20,P,1,0,1,0,0,0,0,0,0,0,1,2,2,1.65,8,2,1,0,0,3,0,0,0,0,0,0,18,18,14.85,13.52,5,-0.05
16056,최우석,2005년 03월 31일,우투우타,서흥초-동인천중-비봉고,24 NC 5라운드 45순위,2025,NC,20,P,12,0,12,4,0,0,0,0,0,0,14.1,13,16,17.9,75,23,5,0,1,9,0,0,15,1,0,5,8.16,10.05,11.24,4.14,2.23,-0.34
16057,손주환,2002년 01월 05일,우투우타,신정중-물금고-동아대,24 NC 6라운드 55순위,2025,NC,23,P,52,0,52,7,0,0,6,1,0,7,51.2,25,29,27.75,224,53,5,0,5,19,1,0,37,3,0,0,4.35,5.05,4.83,4.52,1.39,0.67
16067,김택연,2005년 06월 03일,우투우타,동막초-상인천중-인천고,24 두산 1라운드 2순위,2025,두산,20,P,64,0,64,43,0,0,4,5,24,0,66.1,26,31,29.8,281,47,6,0,6,31,5,2,79,3,0,5,3.53,4.21,4.04,3.71,1.18,1.32
16082,김민주,2002년 09월 08일,우투우타,성동구-건대부중-배명고-강릉영동대,24 KIA 7라운드 66순위,2025,KIA,23,P,3,0,3,0,0,0,0,0,0,0,3,4,4,3.85,17,4,1,1,0,2,2,0,2,0,0,0,12,12,11.55,6.52,2,-0.14
16083,김민재,2003년 07월 08일,우투우타,효제초-청량중-신일고-동원과학기술대,24 KIA 8라운드 76순위,2025,KIA,22,P,1,0,1,1,0,0,0,0,0,0,2,0,0,0,8,2,0,0,0,0,0,0,1,0,0,0,0,0,0,2.67,1,0.07
16085,성영탁,2004년 07월 28일,우투우타,부산서구-개성중-부산고,24 KIA 10라운드 96순위,2025,KIA,21,P,45,0,45,5,0,0,3,2,0,7,52.1,9,11,13.9,198,38,6,0,2,13,0,0,30,4,0,1,1.55,1.89,2.39,3.74,0.97,1.99
16088,네일,1993년 02월 08일,우투우타,-,24 KIA 자유선발,2025,KIA,32,P,27,27,0,0,0,0,8,4,0,0,164.1,41,46,45.3,664,135,18,1,6,41,15,0,152,9,0,4,2.25,2.52,2.48,3.13,1.07,6.59
16090,정현수,2001년 05월 10일,좌투좌타,대연초-부산중-부산고-송원대,24 롯데 2라운드 13순위,2025,롯데,24,P,82,0,82,9,0,0,2,0,0,12,47.2,21,23,20.65,203,34,9,0,4,26,2,0,47,4,0,2,3.97,4.34,3.9,4.33,1.26,1.03
16092,박준우,2005년 05월 27일,우투우타,부천시-부천중-유신고,24 롯데 4라운드 33순위,2025,롯데,20,P,11,1,10,1,0,0,1,2,0,1,12.1,11,11,11.65,64,21,3,1,0,6,1,0,11,0,0,0,8.03,8.03,8.5,3.51,2.19,-0.21
16107,황준서,2005년 08월 22일,좌투좌타,중랑구-상명중-장충고,24 한화 1라운드 1순위,2025,한화,20,P,23,12,11,1,0,0,2,8,0,0,56,33,37,34.75,242,54,11,4,7,26,2,2,57,1,0,1,5.3,5.95,5.58,4.46,1.43,0.41
16108,조동욱,2004년 11월 02일,좌투좌타,소래초-영남중-장충고,24 한화 2라운드 11순위,2025,한화,21,P,68,2,66,12,0,0,3,3,2,5,60,27,29,25.45,283,77,16,0,4,29,4,3,43,4,1,7,4.05,4.35,3.82,4.63,1.77,1.31
16114,원종혁,2005년 08월 27일,우투우타,도곡초-휘문중-구리인창고,24 한화 9라운드 81순위,2025,한화,20,P,2,0,2,1,0,0,0,0,0,0,1.2,3,3,3.5,10,3,0,0,1,2,0,0,1,0,0,0,16.2,16.2,18.9,6.26,3,-0.1
16122,전준표,2005년 05월 07일,우투우타,강동구-잠신중-서울고,24 키움 1라운드 8순위,2025,키움,20,P,21,1,20,4,0,0,2,2,0,1,20.1,20,22,24.05,114,33,8,0,2,19,3,3,15,1,0,3,8.85,9.74,10.65,6.55,2.56,-1.18
16123,김윤하,2005년 03월 07일,우투우타,남양주-덕수중-장충고,24 키움 1라운드 9순위,2025,키움,20,P,19,18,1,0,0,0,0,12,0,0,88,60,76,68.95,422,113,18,2,16,44,3,1,52,8,0,2,6.14,7.77,7.05,6.31,1.78,-0.84
16125,손현기,2005년 10월 22일,좌투좌타,순천북초-순천이수중-전주고,24 키움 2라운드 19순위,2025,키움,20,P,2,0,2,0,0,0,0,0,0,0,3,5,5,5.35,18,4,1,0,1,6,1,0,1,0,0,1,15,15,16.05,14.52,3.33,-0.3
16127,김연주,2004년 02월 27일,우투우타,대전신흥초-충남중-세광고,24 키움 3라운드 29순위,2025,키움,21,P,20,8,12,1,0,0,1,3,0,0,51.2,38,40,42.1,250,67,14,2,10,25,6,2,28,4,0,0,6.62,6.97,7.33,6.73,1.78,-0.52
16138,헤이수스,1996년 12월 10일,좌투좌타,-,24 키움 자유선발,2025,KT,29,P,32,30,2,0,0,0,9,9,0,1,163.2,72,85,82.25,712,173,22,2,17,44,8,0,165,10,2,7,3.96,4.67,4.52,3.65,1.33,2.47
16146,앤더슨,1994년 03월 22일,우투우타,-,24 SSG 자유선발,2025,SSG,31,P,30,30,0,0,0,0,12,7,0,0,171.2,43,53,51.1,694,121,17,1,13,51,9,1,245,6,0,10,2.25,2.78,2.68,2.37,1,6.54
16153,와이스,1996년 12월 10일,우투우타,-,24 한화 부상 대체 외국인선수,2025,한화,29,P,30,30,0,0,0,0,16,5,0,0,178.2,57,63,62.3,725,127,30,1,13,56,13,0,207,7,2,5,2.87,3.17,3.14,3.12,1.02,5.95
16160,에르난데스,1995년 05월 03일,우투우타,-,24 LG 자유선발,2025,LG,30,P,14,14,0,0,0,0,4,4,0,0,66,31,32,31,276,53,14,0,7,24,5,0,73,0,0,3,4.23,4.36,4.23,3.82,1.17,1.28
16239,배찬승,2006년 01월 01일,좌투좌타,옥산초-경복중-대구고,25 삼성 1라운드 3순위,2025,삼성,19,P,65,0,65,5,0,0,2,3,0,19,50.2,22,25,28.8,233,50,11,0,3,34,2,1,57,3,0,5,3.91,4.44,5.12,4.02,1.66,0.59
16250,김태형,2006년 12월 15일,우투우타,화순초-화순중-덕수고,25 KIA 1라운드 5순위,2025,KIA,19,P,8,3,5,1,0,0,0,3,0,0,23.2,12,12,13.05,107,25,4,0,4,7,5,0,14,1,1,1,4.56,4.56,4.96,6.07,1.35,0.33
16251,이호민,2006년 08월 26일,우투우타,해남-이평중-전주고,25 KIA 2라운드 15순위,2025,KIA,19,P,13,0,13,6,0,0,1,0,0,0,14.2,14,14,17.8,72,21,5,0,0,9,2,1,7,0,0,0,8.59,8.59,10.92,4.91,2.05,-0.67
16254,김정엽,2006년 04월 18일,우투우타,수영초-개성중-부산고,25 KIA 5라운드 45순위,2025,KIA,19,P,2,0,2,1,0,0,0,0,0,0,1,2,2,0.8,5,0,0,0,0,1,1,0,0,0,0,0,18,18,7.2,10.32,1,-0.01
16259,이성원,2006년 05월 18일,우투우타,화성-안산중앙중-유신고,25 KIA 10라운드 95순위,2025,KIA,19,P,4,0,4,2,0,0,0,0,0,0,2.2,5,7,5.45,19,3,1,0,0,4,3,0,3,1,0,0,16.88,23.63,18.39,9.51,2.63,-0.18
16261,올러,1994년 10월 17일,우투우타,-,25 KIA 자유선발,2025,KIA,31,P,26,26,0,1,1,0,11,7,0,0,149,60,64,62.8,620,125,25,3,8,47,8,0,169,6,0,2,3.62,3.87,3.79,2.9,1.15,3.61
16263,김태현,2005년 11월 16일,좌투좌타,광주서림초-진흥중-광주제일고,25 롯데 1라운드 4순위,2025,롯데,20,P,1,0,1,0,0,0,0,0,0,0,2,1,2,2,12,1,0,0,0,4,0,0,2,1,0,0,4.5,9,9,7.82,2.5,-0.02
16264,박세현,2006년 01월 21일,우투우타,중랑구-상명중-배명고,25 롯데 2라운드 14순위,2025,롯데,19,P,3,0,3,3,0,0,0,0,0,0,3.2,6,6,6.7,21,8,5,0,1,1,1,0,4,0,0,0,14.73,14.73,16.45,6.18,2.45,-0.35
16268,이영재,2006년 10월 20일,좌투좌타,의정부-신흥중-신흥고,25 롯데 7라운드 64순위,2025,롯데,19,P,3,0,3,2,0,0,0,0,0,0,2,2,2,2,11,5,1,0,1,0,1,0,2,0,0,0,9,9,9,8.97,2.5,-0.02
16273,데이비슨,1996년 03월 25일,좌투좌타,-,25 롯데 자유선발,2025,롯데,29,P,22,22,0,0,0,0,10,5,0,0,123.1,50,53,51.8,529,123,20,2,10,48,5,0,119,2,1,4,3.65,3.87,3.78,3.85,1.39,3.38
16274,김영우,2005년 01월 14일,우투우타,서대문구-신월중-서울고,25 LG 1라운드 10순위,2025,LG,20,P,66,0,66,11,0,0,3,2,1,7,60,16,17,21.8,255,49,13,0,2,30,3,2,56,1,0,5,2.4,2.55,3.27,3.64,1.32,1.5
16280,박시원,2006년 04월 12일,우투우타,해운대-센텀중-경남고,25 LG 6라운드 60순위,2025,LG,19,P,2,0,2,1,0,0,0,0,0,0,1.1,2,2,1.15,9,0,0,0,0,5,0,0,0,0,0,0,13.5,13.5,7.76,15.92,3.75,-0.01
16281,김종운,2006년 09월 11일,우투우타,거제-동강중-창원공고,25 LG 7라운드 70순위,2025,LG,19,P,2,0,2,2,0,0,0,0,0,0,1.2,1,3,3,7,2,0,0,2,0,0,0,2,1,0,0,5.4,16.2,16.2,15.2,1.2,-0.08
16286,치리노스,1993년 12월 26일,우투우타,-,25 LG 자유선발,2025,LG,32,P,30,30,0,0,0,0,13,6,0,0,177,65,71,65.5,737,173,26,1,5,36,9,0,137,5,0,4,3.31,3.61,3.33,3.13,1.18,5.21
16288,최민석,2006년 07월 02일,우투우타,중대초-양천중-서울고,25 두산 2라운드 16순위,2025,두산,19,P,17,15,2,0,0,0,3,3,0,0,77.2,38,41,37.9,333,72,15,1,7,34,5,1,53,3,1,5,4.4,4.75,4.39,4.85,1.36,1.43
16289,홍민규,2006년 09월 11일,우투좌타,용산-대원중-야탑고,25 두산 3라운드 26순위,2025,두산,19,P,20,2,18,11,0,0,2,1,1,0,33.1,17,19,20.9,151,37,6,0,4,15,1,0,17,1,0,4,4.59,5.13,5.64,5.61,1.56,0.03
16293,양재훈,2003년 05월 01일,우투우타,수영초-사직중-개성고-동의과학대,25 두산 7라운드 66순위,2025,두산,22,P,19,0,19,8,0,0,0,0,1,0,23.1,11,11,10.5,93,19,4,0,3,8,0,0,19,0,0,0,4.24,4.24,4.05,4.51,1.16,0.35
16298,콜어빈,1994년 01월 31일,좌투좌타,-,25 두산 자유선발,2025,두산,31,P,28,28,0,0,0,0,8,12,0,0,144.2,72,80,72.45,649,142,26,3,9,79,18,1,128,8,0,6,4.48,4.98,4.51,4.59,1.53,2.57
16299,잭로그,1996년 04월 23일,좌투좌타,-,25 두산 자유선발,2025,두산,29,P,30,29,1,0,0,0,10,8,0,1,176,55,66,63.55,722,146,25,4,8,39,17,0,156,15,0,4,2.81,3.38,3.25,3.26,1.05,5.34
16301,정우주,2006년 11월 07일,우투우타,남양주-건대부중-전주고,25 한화 1라운드 2순위,2025,한화,19,P,51,2,49,15,0,0,3,0,0,3,53.2,17,18,20.75,228,34,6,1,6,21,10,0,82,4,1,3,2.85,3.02,3.48,3.28,1.02,1.23
16302,권민규,2006년 05월 13일,좌투좌타,석교초-세광중-세광고,25 한화 2라운드 12순위,2025,한화,19,P,5,0,5,2,0,0,0,0,0,0,5.1,5,5,5,28,5,1,0,1,7,0,0,4,0,0,0,8.44,8.44,8.44,8.47,2.25,-0.03
16313,폰세,1994년 04월 25일,우투우타,-,25 한화 자유선발,2025,한화,31,P,29,29,0,0,0,0,17,1,0,0,180.2,38,41,38.6,697,128,18,0,10,41,6,0,252,3,3,7,1.89,2.04,1.92,1.92,0.94,8.38
16315,신지환,2006년 04월 17일,좌투좌타,강남초-성남중-성남고,25 SSG 2라운드 18순위,2025,SSG,19,P,1,0,1,0,0,0,0,0,0,0,1,0,0,0,4,0,0,0,0,0,1,0,1,0,0,0,0,0,0,4.62,0,0.04
16324,화이트,1994년 12월 28일,우투우타,-,25 SSG 자유선발,2025,SSG,31,P,24,24,0,1,1,0,11,4,0,0,134.2,43,51,49.45,562,111,17,2,9,44,8,1,137,11,0,6,2.87,3.41,3.3,3.38,1.15,4.24
16325,정현우,2006년 04월 13일,좌투좌타,서대문구-충암중-덕수고,25 키움 1라운드 1순위,2025,키움,19,P,18,18,0,0,0,0,3,7,0,0,81.1,53,63,60.25,384,92,20,0,8,48,6,0,55,7,2,4,5.86,6.97,6.67,5.52,1.72,-0.26
16326,김서준,2006년 12월 22일,우투좌타,일산서구-원당중-충훈고,25 키움 1라운드 7순위,2025,키움,19,P,4,0,4,2,0,0,0,0,0,0,5.1,12,12,12,34,14,5,0,2,5,0,0,4,0,0,1,20.25,20.25,20.25,9.51,3.56,-0.46
16330,박정훈,2006년 03월 23일,좌투좌타,삼일초-매향중-비봉고,25 키움 3라운드 28순위,2025,키움,19,P,16,3,13,8,0,0,0,1,1,0,23,19,24,21.6,116,24,6,0,1,20,4,0,7,3,0,3,7.43,9.39,8.45,7.01,1.91,-0.42
16331,윤현,2006년 10월 20일,우투우타,가동초-자양중-경기고,25 키움 4라운드 31순위,2025,키움,19,P,17,3,14,0,0,0,2,1,0,0,22,21,28,29.15,125,31,4,1,2,23,5,0,15,5,0,5,8.59,11.45,11.93,7.37,2.45,-1.49
16335,정세영,2006년 09월 23일,좌투좌타,서울학동초-언북중-경기상고,25 키움 8라운드 71순위,2025,키움,19,P,4,1,3,1,0,0,0,1,0,0,2.2,5,6,6,22,9,2,0,0,4,0,0,2,1,0,1,16.88,20.25,20.25,6.84,4.88,-0.28
16336,임진묵,2006년 04월 23일,우투우타,상명중-경기상고,25 키움 9라운드 81순위,2025,키움,19,P,4,0,4,2,0,0,0,0,0,0,3.2,10,11,9.6,28,10,2,1,0,5,1,0,3,1,0,1,24.55,27,23.56,7.11,4.09,-0.55
16339,로젠버그,1998년 07월 09일,좌투좌타,-,25 키움 자유선발,2025,키움,27,P,13,13,0,0,0,0,4,4,0,0,75.1,27,33,31.1,320,63,13,2,5,25,4,0,80,7,0,2,3.23,3.94,3.72,3.29,1.17,1.79
16340,김태훈,2006년 10월 26일,우투우타,부평구-동인천중-소래고,25 NC 2라운드 17순위,2025,NC,19,P,18,0,18,8,0,0,0,0,0,0,19,11,15,17.05,94,17,2,0,4,16,1,0,9,4,0,5,5.21,7.11,8.08,8.1,1.74,-0.27
16349,라일리,1996년 07월 09일,우투우타,-,25 NC 자유선발,2025,NC,29,P,30,30,0,0,0,0,17,7,0,0,172,66,76,72.9,709,136,25,2,18,56,3,0,216,15,0,5,3.45,3.98,3.81,3.12,1.12,4.34
16350,로건,1997년 05월 23일,좌투좌타,-,25 NC 자유선발,2025,NC,28,P,32,31,1,0,0,0,7,12,0,0,173,87,98,94.05,770,180,30,2,18,67,10,3,149,14,0,6,4.53,5.1,4.89,4.39,1.43,2.41
16351,김동현,2006년 01월 21일,우투우타,고양덕양-잠신중-서울고,25 KT 1라운드 9순위,2025,KT,19,P,3,0,3,2,0,0,0,0,0,0,3.1,5,5,5,19,7,0,0,2,3,0,0,4,0,0,3,13.5,13.5,13.5,10.94,3,-0.12
16352,박건우,2006년 11월 28일,우투우타,성동구-충암중-충암고,25 KT 2라운드 19순위,2025,KT,19,P,6,0,6,4,0,0,0,0,0,0,6.2,2,2,2,28,4,0,0,1,4,0,0,9,0,0,0,2.7,2.7,2.7,4.25,1.2,0.17
16353,김재원,2006년 08월 21일,우투우타,서울청구초-홍은중-장충고,25 KT 3라운드 29순위,2025,KT,19,P,4,0,4,3,0,0,0,0,0,0,4.1,5,5,5.2,24,3,1,0,0,8,1,0,4,0,0,3,10.38,10.38,10.8,8.26,2.54,-0.09
16365,김한중,2004년 11월 03일,우투우타,고명초-덕수중-경기상고-여주대,25 두산 육성선수,2025,두산,21,P,2,0,2,2,0,0,0,0,0,0,2,0,1,1,8,1,1,0,0,0,0,0,0,1,0,0,0,4.5,4.5,3.92,0.5,0.02
16384,이준우,2001년 03월 02일,우투우타,해운대-센텀중-경남고,25 키움 육성선수,2025,키움,24,P,31,0,31,4,0,0,1,4,0,3,23,22,23,26.15,118,37,7,1,6,12,1,0,22,2,0,0,8.61,9,10.23,5.92,2.13,-1.14
16385,손힘찬,2002년 07월 17일,우투우타,수원영통-현도중-세광고-동아대,25 키움 육성선수,2025,키움,23,P,4,0,4,2,0,0,0,0,0,0,4,5,5,4.65,22,5,2,0,0,4,1,0,4,0,0,1,11.25,11.25,10.46,5.42,2.25,-0.16
16391,감보아,1997년 01월 17일,좌투양타,-,25 롯데 자유선발,2025,롯데,28,P,19,19,0,0,0,0,7,8,0,0,108,43,54,52.45,475,97,16,0,6,49,4,0,117,14,0,5,3.58,4.5,4.37,3.44,1.35,2.35
16397,가라비토,1995년 08월 19일,우투우타,-,25 삼성 자유선발,2025,삼성,30,P,15,15,0,0,0,0,4,4,0,0,78.1,23,31,29.45,327,56,5,0,6,37,6,1,84,3,0,2,2.64,3.56,3.38,3.91,1.19,2.54
16398,웰스,1997년 02월 27일,좌투좌타,-,25 키움 부상 대체 외국인선수,2025,키움,28,P,4,4,0,0,0,0,1,1,0,0,20,7,8,8,85,18,3,0,0,6,1,0,16,0,0,0,3.15,3.6,3.6,3.04,1.2,0.38
16401,패트릭,1995년 06월 10일,우투우타,-,25 KT 자유선발,2025,KT,30,P,15,9,6,0,0,0,3,3,0,2,60.2,21,26,26.7,267,63,10,2,2,21,2,0,45,4,0,5,3.12,3.86,3.96,3.67,1.38,1.33
16403,메르세데스,1994년 03월 08일,좌투양타,-,25 키움 자유선발,2025,키움,31,P,8,8,0,0,0,0,3,3,0,0,46.1,23,24,24,197,54,12,0,5,9,0,0,41,2,1,2,4.47,4.66,4.66,3.61,1.36,0.67
16404,톨허스트,1999년 09월 13일,우투우타,-,25 LG 자유선발,2025,LG,26,P,8,8,0,0,0,0,6,2,0,0,44,14,15,15,184,39,7,1,2,16,2,1,45,2,0,1,2.86,3.07,3.07,3.21,1.25,1.31
16405,벨라스케즈,1992년 06월 07일,우투우타,-,25 롯데 자유선발,2025,롯데,33,P,11,7,4,1,0,0,1,4,0,0,35,32,32,31.5,168,47,10,1,7,18,3,0,28,0,2,1,8.23,8.23,8.1,6.22,1.86,-0.31
