Id,Name,Birthdate,Handedness,School,Draft,Year,Team,Age,Pos.,G,oWAR,dWAR,PA,ePA,AB,R,H,2B,3B,HR,TB,RBI,SB,CS,BB,HP,IB,SO,GDP,SH,SF,AVG,OBP,SLG,OPS,R/ePA,wRC+,WAR
10008,김선빈,1989년 12월 18일,우투우타,화순초-화순중-화순고,08 KIA 2차 6라운드 43순위,2025,KIA,36,2B,84,2.74,-0.63,308,306,271,31,87,18,1,3,116,46,4,0,31,3,0,35,9,2,1,0.321,0.395,0.428,0.823,0.162,136.6,2.11
10014,안치홍,1990년 07월 02일,우투우타,구리-대치중-서울고,09 KIA 2차 1라운드 1순위,2025,한화,35,DH,66,-1.37,0.03,196,191,174,9,30,4,0,2,40,18,3,0,16,1,2,39,4,4,1,0.172,0.245,0.23,0.475,0.028,22.5,-1.34
10035,이용규,1985년 08월 26일,좌투좌타,성동초-잠신중-덕수정보고,04 LG 2차 2라운드 15순위,2025,키움,40,CF,14,-0.11,-0.11,41,40,37,7,8,1,0,0,9,0,1,0,3,0,0,8,1,1,0,0.216,0.275,0.243,0.518,0.048,43.8,-0.22
10082,이재원,1988년 02월 24일,우투우타,숭의초-상인천중-인천고,06 SK 1차,2025,한화,37,C,98,-0.05,0.27,151,143,125,4,25,2,1,1,32,12,1,1,14,1,0,23,3,8,3,0.2,0.28,0.256,0.536,0.058,48.5,0.23
10106,최정,1987년 02월 28일,우투우타,대일초-평촌중-유신고,05 SK 1차,2025,SSG,38,DH,95,1.91,-0.5,406,402,340,54,83,12,0,23,164,63,1,0,51,12,6,94,10,0,3,0.244,0.36,0.482,0.842,0.157,126.5,1.41
10165,양의지,1987년 06월 05일,우투우타,송정동초-무등중-진흥고,06 두산 2차 8라운드 59순위,2025,두산,38,C,130,6.6,0.2,517,514,454,56,153,27,1,20,242,89,4,2,50,7,6,63,10,0,6,0.337,0.406,0.533,0.939,0.189,162.8,6.79
10170,최재훈,1989년 08월 27일,우투우타,화곡초-덕수중-덕수고-방송통신대,08 두산 육성선수,2025,한화,36,C,121,3.45,-0.22,348,338,269,28,77,15,0,1,95,35,1,1,46,17,0,48,4,10,6,0.286,0.414,0.353,0.767,0.156,129.7,3.23
10180,이원석,1986년 10월 21일,우투우타,광주학강초-광주동성중-광주동성고,05 롯데 2차 2라운드 9순위,2025,키움,39,DH,5,-0.09,0,8,8,7,1,1,0,0,0,1,0,0,0,1,0,0,2,1,0,0,0.143,0.25,0.143,0.393,0.018,16.4,-0.09
10182,최주환,1988년 02월 28일,우투좌타,광주학강초-광주동성중-광주동성고,06 두산 2차 6라운드 46순위,2025,키움,37,1B,120,1.03,-0.47,506,504,459,45,126,31,1,12,195,74,0,0,36,5,2,66,8,0,6,0.275,0.33,0.425,0.755,0.124,111.4,0.56
10184,허경민,1990년 08월 26일,우투우타,송정동초-충장중-광주제일고,09 두산 2차 1라운드 7순위,2025,KT,35,3B,114,1.69,-0.01,481,478,420,47,119,18,0,4,149,44,4,1,39,15,1,35,14,3,4,0.283,0.362,0.355,0.717,0.123,99.4,1.68
10187,김현수,1988년 01월 12일,우투좌타,쌍문초-신일중-신일고,06 두산 육성선수,2025,LG,37,LF,140,3.61,-0.24,552,552,483,66,144,24,0,12,204,90,4,0,64,4,1,73,10,0,1,0.298,0.384,0.422,0.806,0.156,133.1,3.36
10189,박건우,1990년 09월 08일,우투우타,역삼초-서울이수중-서울고,09 두산 2차 2라운드 10순위,2025,NC,35,RF,124,2.19,-0.33,442,440,384,43,111,24,1,9,164,67,6,4,47,5,2,63,6,1,5,0.289,0.37,0.427,0.797,0.147,119.4,1.85
10195,정수빈,1990년 10월 07일,좌투좌타,신곡초-수원북중-유신고,09 두산 2차 5라운드 39순위,2025,두산,35,CF,132,2.32,0.51,546,537,462,89,119,16,4,6,161,38,26,13,61,11,2,57,7,8,4,0.258,0.355,0.348,0.703,0.122,104.8,2.83
10232,강민호,1985년 08월 18일,우투우타,제주신광초-포철중-포철공고-국제디지털대,04 롯데 2차 3라운드 17순위,2025,삼성,40,C,127,2.33,0.26,465,461,412,37,111,23,1,12,172,71,2,2,38,7,4,69,16,1,7,0.269,0.336,0.417,0.753,0.124,96.4,2.59
10235,장성우,1990년 01월 17일,우투우타,감천초-경남중-경남고-영남사이버대,08 롯데 1차,2025,KT,35,C,129,2.24,0.03,480,477,413,44,102,13,0,14,157,58,0,1,55,2,1,96,13,2,8,0.247,0.333,0.38,0.713,0.118,96.1,2.27
10238,김민성,1988년 12월 17일,우투우타,고명초-잠신중-덕수정보고-영남사이버대,07 롯데 2차 2라운드 13순위,2025,롯데,37,3B,96,0.75,-0.59,254,252,214,25,52,13,0,3,74,35,0,1,33,4,1,48,7,2,1,0.243,0.353,0.346,0.699,0.122,96,0.15
10249,오태곤,1991년 11월 18일,우투우타,쌍문초-신월중-청원고,10 롯데 3라운드 22순위,2025,SSG,34,1B,122,-0.26,-0.1,229,226,194,31,39,6,0,5,60,26,25,8,30,1,0,59,4,3,1,0.201,0.31,0.309,0.619,0.093,74.8,-0.36
10253,정훈,1987년 07월 18일,우투우타,양덕초-마산동중-용마고,06 현대 육성선수,2025,롯데,38,DH,77,-0.97,0.31,200,198,185,14,40,11,0,2,57,11,0,0,10,3,1,40,4,2,0,0.216,0.268,0.308,0.576,0.059,47,-0.65
10261,손아섭,1988년 03월 18일,우투좌타,양정초-개성중-부산고,07 롯데 2차 4라운드 29순위,2025,NC,37,DH,76,0.76,0.45,267,263,240,21,72,13,3,0,91,33,0,3,24,0,2,33,1,2,1,0.3,0.362,0.379,0.741,0.128,104.4,1.21
10261,손아섭,1988년 03월 18일,우투좌타,양정초-개성중-부산고,07 롯데 2차 4라운드 29순위,2025,한화,37,DH,35,0,-0.05,149,147,132,18,35,9,0,1,47,17,0,1,13,1,0,26,2,2,1,0.265,0.333,0.356,0.689,0.11,91,-0.05
10266,전준우,1986년 02월 25일,우투우타,흥무초-경주중-경주고-건국대,08 롯데 2차 2라운드 15순위,2025,롯데,39,DH,114,1.84,-0.45,472,469,410,50,120,26,1,8,172,70,2,1,44,9,2,71,9,3,6,0.293,0.369,0.42,0.789,0.144,115.1,1.39
10312,이지영,1986년 02월 27일,우투우타,서화초-신흥중-제물포고-경성대,08 삼성 육성선수,2025,SSG,39,C,76,0.07,-0.13,216,212,197,13,47,6,1,3,64,18,2,1,11,2,0,22,8,4,2,0.239,0.283,0.325,0.608,0.073,58.6,-0.06
10320,김상수,1990년 03월 23일,우투우타,옥산초-경복중-경북고-대구사이버대,09 삼성 1차,2025,KT,35,2B,113,1.64,-0.46,423,417,355,42,90,14,0,5,119,47,3,1,52,4,1,57,8,5,7,0.254,0.349,0.335,0.684,0.115,93.3,1.17
10344,최형우,1983년 12월 16일,우투좌타,진북초-전주동중-전주고,02 삼성 2차 6라운드 48순위,2025,KIA,42,DH,133,4.37,-0.01,549,545,469,74,144,30,1,24,248,86,1,0,67,8,8,98,9,0,5,0.307,0.399,0.529,0.928,0.186,157.6,4.37
10387,박동원,1990년 04월 07일,우투우타,양정초-개성중-개성고,09 히어로즈 2차 3라운드 19순위,2025,LG,35,C,139,4.8,0.32,523,518,451,57,114,25,0,22,205,76,4,0,62,2,4,124,10,3,5,0.253,0.342,0.455,0.797,0.142,121,5.12
10407,황재균,1987년 07월 28일,우투우타,사당초-서울이수중-경기고-영남사이버대,06 현대 2차 3라운드 24순위,2025,KT,38,1B,112,1.08,-0.61,424,422,385,50,106,19,0,7,146,48,3,1,34,2,1,84,2,1,2,0.275,0.336,0.379,0.715,0.116,95.2,0.48
10459,김태군,1989년 12월 30일,우투우타,양정초-대동중-부산고-방송통신대,08 LG 2차 3라운드 17순위,2025,KIA,36,C,100,1.24,0.53,274,266,236,20,61,10,1,5,88,31,0,0,17,10,1,20,9,8,3,0.258,0.331,0.373,0.704,0.111,92.3,1.77
10470,박병호,1986년 07월 10일,우투우타,영일초-광명-영남중-성남고,05 LG 1차,2025,삼성,39,DH,77,0.16,0.2,232,232,196,26,39,5,0,15,89,33,0,0,27,7,0,70,5,0,2,0.199,0.315,0.454,0.769,0.134,102.9,0.36
10475,오지환,1990년 03월 12일,우투좌타,군산초-자양중-경기고,09 LG 1차,2025,LG,35,SS,127,2.65,0.24,472,465,419,57,106,24,1,16,180,62,9,7,37,3,0,115,4,7,6,0.253,0.314,0.43,0.744,0.12,101.9,2.89
10557,오선진,1989년 07월 07일,우투우타,화곡초-성남중-성남고,08 한화 2차 4라운드 26순위,2025,키움,36,SS,99,0.19,-0.13,163,159,143,15,34,8,0,1,45,19,0,0,12,3,0,45,2,4,1,0.238,0.308,0.315,0.623,0.086,77.4,0.06
10636,김성현,1987년 03월 09일,우투우타,송정동초-충장중-광주제일고,06 SK 2차 3라운드 20순위,2025,SSG,38,3B,59,0.09,-0.15,137,133,115,15,25,3,0,1,31,11,1,1,16,1,0,20,4,4,1,0.217,0.316,0.27,0.586,0.083,66.2,-0.05
10640,김헌곤,1988년 11월 09일,우투우타,회원초-경복중-제주고-영남대,11 삼성 5라운드 36순위,2025,삼성,37,RF,77,-0.6,-0.38,191,189,173,21,39,6,0,2,51,11,2,1,11,4,0,29,4,2,1,0.225,0.286,0.295,0.581,0.067,51.9,-0.98
10643,김재환,1988년 09월 22일,우투좌타,영랑초-상인천중-인천고,08 두산 2차 1라운드 4순위,2025,두산,37,DH,103,1.51,0.4,407,405,344,42,83,13,2,13,139,50,7,2,57,4,3,96,4,0,2,0.241,0.354,0.404,0.758,0.138,118.1,1.91
10659,고종욱,1989년 01월 11일,우투좌타,역삼초-대치중-경기고-한양대,11 넥센 3라운드 19순위,2025,KIA,36,LF,46,-0.03,0.22,123,122,115,13,34,2,0,3,45,16,2,1,5,0,1,17,2,0,3,0.296,0.317,0.391,0.708,0.1,83.9,0.18
10753,유강남,1992년 07월 15일,우투우타,청원초-휘문중-서울고,11 LG 7라운드 50순위,2025,롯데,33,C,110,1.9,0.18,350,347,303,35,83,18,0,5,116,38,0,0,26,13,0,66,11,3,5,0.274,0.352,0.383,0.735,0.126,101.4,2.09
10804,박승욱,1992년 12월 04일,우투좌타,칠성초-경복중-상원고,12 SK 3라운드 31순위,2025,롯데,33,SS,54,-0.35,0.04,92,90,84,10,16,3,0,0,19,5,1,1,5,1,0,30,0,2,0,0.19,0.244,0.226,0.47,0.027,22.3,-0.31
10810,최항,1994년 01월 03일,우투좌타,대일초-매송중-유신고,12 SK 8라운드 70순위,2025,롯데,31,1B,8,-0.02,0.04,7,7,6,1,1,0,0,0,1,1,0,0,1,0,0,4,0,0,0,0.167,0.286,0.167,0.453,0.045,35,0.02
10815,한유섬,1989년 08월 09일,우투좌타,중앙초-해운대-대천중-경남고-경성대,12 SK 9라운드 85순위,2025,SSG,36,RF,128,1.9,-0.08,511,507,455,50,124,24,0,15,193,71,1,0,46,7,3,120,6,1,2,0.273,0.347,0.424,0.771,0.134,108.4,1.82
10835,김준태,1994년 07월 31일,우투좌타,양정초-개성중-경남고-영남사이버대,12 롯데 육성선수,2025,LG,31,DH,2,0.1,0,2,2,1,1,1,0,0,0,1,0,0,0,1,0,0,0,0,0,0,1,1,1,2,0.582,486.7,0.1
10855,서건창,1989년 08월 22일,우투좌타,송정초-충장중-광주제일고,08 LG 신고선수,2025,KIA,36,2B,10,-0.1,0.09,26,24,22,1,3,1,0,1,7,2,1,0,2,0,0,5,1,2,0,0.136,0.208,0.318,0.526,0.041,34.6,-0.01
10870,김재현,1993년 03월 18일,우투우타,진북초-전라중-대전고,12 넥센 8라운드 76순위,2025,키움,32,C,62,-0.32,-0.24,128,124,120,12,25,5,0,0,30,5,1,0,1,3,0,31,1,4,0,0.208,0.234,0.25,0.484,0.022,19.5,-0.56
10891,박세혁,1990년 01월 09일,우투좌타,수유초-신일중-신일고-고려대,12 두산 5라운드 47순위,2025,NC,35,C,48,-0.32,-0.34,93,93,86,8,14,3,0,2,23,10,1,0,5,1,0,28,4,0,1,0.163,0.215,0.267,0.482,0.024,19.5,-0.66
10892,구자욱,1993년 02월 12일,우투좌타,본리초-경복중-대구고,12 삼성 2라운드 12순위,2025,삼성,32,LF,142,5.11,-0.63,616,611,529,106,169,43,2,19,273,96,4,1,73,5,7,91,9,1,8,0.319,0.402,0.516,0.918,0.185,143.6,4.48
10894,류지혁,1994년 01월 13일,우투좌타,청원초-선린중-충암고,12 두산 4라운드 36순위,2025,삼성,31,2B,129,1.12,0.39,464,450,400,54,112,14,0,1,129,37,11,6,33,13,0,73,11,14,4,0.28,0.351,0.323,0.674,0.108,84.1,1.51
10913,하주석,1994년 02월 25일,우투좌타,강남초-덕수중-신일고,12 한화 1라운드 1순위,2025,한화,31,SS,95,1.38,0.71,305,294,276,34,82,14,0,4,108,28,2,1,12,5,0,66,10,11,1,0.297,0.337,0.391,0.728,0.116,96.8,2.08
11087,강승호,1994년 02월 09일,우투우타,순천북초-천안북중-북일고,13 LG 1라운드 3순위,2025,두산,31,1B,115,0.65,0.9,400,396,360,51,85,19,3,8,134,37,14,3,24,11,2,113,7,2,3,0.236,0.302,0.372,0.674,0.096,82.3,1.55
11097,장승현,1994년 03월 07일,우투우타,서림초-동산중-제물포고,13 두산 4라운드 36순위,2025,두산,31,C,4,-0.06,-0.01,2,2,2,0,0,0,0,0,0,0,0,0,0,0,0,0,1,0,0,0,0,0,0,-0.17,-132.8,-0.07
11098,김인태,1994년 07월 03일,좌투좌타,포철서초-천안북중-북일고,13 두산 1라운드 4순위,2025,두산,31,LF,106,0.79,0.02,225,225,183,17,39,10,1,3,60,25,0,1,36,5,0,57,2,0,1,0.213,0.356,0.328,0.684,0.126,107.2,0.8
11099,이우성,1994년 07월 17일,우투우타,대전유천초-한밭중-대전고,13 두산 2라운드 15순위,2025,KIA,31,LF,56,-0.05,-0.47,176,176,155,11,34,10,1,2,52,15,0,0,18,2,0,37,4,0,1,0.219,0.307,0.335,0.642,0.095,80.2,-0.52
11099,이우성,1994년 07월 17일,우투우타,대전유천초-한밭중-대전고,13 두산 2라운드 15순위,2025,NC,31,LF,49,0.27,-0.1,161,160,145,17,41,12,0,1,56,18,2,1,13,0,0,29,4,1,2,0.283,0.338,0.386,0.724,0.119,95.3,0.17
11119,한승택,1994년 06월 21일,우투우타,남양주-잠신중-덕수고,13 한화 3라운드 23순위,2025,KIA,31,C,15,0.02,0.06,23,23,21,3,5,1,0,0,6,0,0,0,1,1,0,7,1,0,0,0.238,0.304,0.286,0.59,0.073,63,0.08
11137,박민우,1993년 02월 06일,우투좌타,마포초-용산-선린중-휘문고,12 NC 1라운드 9순위,2025,NC,32,2B,117,3.72,0.66,468,461,404,64,122,25,8,3,172,67,28,8,44,12,5,64,5,4,4,0.302,0.384,0.426,0.81,0.152,123.3,4.38
11148,강진성,1993년 10월 19일,우투우타,가동초-잠신중-경기고,12 NC 4라운드 33순위,2025,키움,32,1B,6,-0.1,-0.06,13,13,11,1,2,0,0,0,2,1,0,0,2,0,0,1,2,0,0,0.182,0.308,0.182,0.49,0.062,60.5,-0.16
11153,김성욱,1993년 05월 01일,우투우타,서림초-충장중-진흥고,12 NC 3라운드 32순위,2025,NC,32,RF,9,-0.27,-0.2,13,13,13,0,1,0,0,0,1,0,0,1,0,0,0,6,0,0,0,0.077,0.077,0.077,0.154,-0.11,-84.3,-0.47
11153,김성욱,1993년 05월 01일,우투우타,서림초-충장중-진흥고,12 NC 3라운드 32순위,2025,SSG,32,RF,47,-0.32,0.07,119,118,110,10,23,6,0,2,35,13,1,1,7,1,0,29,2,1,0,0.209,0.263,0.318,0.581,0.063,51.9,-0.26
11162,나성범,1989년 10월 03일,좌투좌타,대성초-진흥중-진흥고-연세대,12 NC 2라운드 10순위,2025,KIA,36,RF,82,2.23,-0.32,310,309,261,30,70,16,0,10,116,36,0,0,42,6,1,79,6,0,1,0.268,0.381,0.444,0.825,0.163,136.6,1.91
11165,노진혁,1989년 07월 15일,우투좌타,대성초-광주동성중-광주동성고-성균관대,12 NC 특별 20순위,2025,롯데,36,DH,28,0.23,-0.39,69,69,63,11,17,1,2,1,25,5,0,0,5,1,0,20,0,0,0,0.27,0.333,0.397,0.73,0.123,98.6,-0.16
11172,권희동,1990년 12월 30일,우투우타,동천초-경주중-경주고-경남대,13 NC 9라운드 84순위,2025,NC,35,LF,136,2.62,0.13,456,448,358,56,88,24,0,6,130,39,5,5,77,11,0,80,10,8,2,0.246,0.393,0.363,0.756,0.154,124.8,2.76
11190,박해민,1990년 02월 24일,우투좌타,영중초-양천중-신일고-한양대,12 삼성 육성선수,2025,LG,35,CF,144,3.36,1.19,544,522,442,80,122,18,2,3,153,43,49,14,68,8,0,94,7,22,4,0.276,0.379,0.346,0.725,0.136,115.7,4.55
11198,박계범,1996년 01월 11일,우투우타,순천북초-서울이수중-효천고-대구사이버대,14 삼성 2차 2라운드 17순위,2025,두산,29,2B,94,0.46,-0.53,198,191,175,23,46,9,2,1,62,27,3,1,14,1,0,45,4,7,1,0.263,0.319,0.354,0.673,0.102,88.1,-0.07
11212,배정대,1995년 06월 12일,우투우타,도신초-디지털문예대-성남중-성남고,14 LG 2차 1라운드 3순위,2025,KT,30,CF,99,-0.57,0.54,276,269,240,25,49,11,2,2,70,28,6,3,19,7,0,65,4,7,3,0.204,0.279,0.292,0.571,0.066,52.8,-0.03
11213,양석환,1991년 07월 15일,우투우타,백운초-신일중-신일고-동국대,14 LG 2차 3라운드 28순위,2025,두산,34,1B,72,0.68,0.56,294,293,262,32,65,16,0,8,105,31,1,0,24,5,1,82,6,0,3,0.248,0.32,0.401,0.721,0.115,98.5,1.24
11214,장준원,1995년 11월 21일,우투우타,경운초-김해엔젤스-개성중-경남고,14 LG 2차 2라운드 23순위,2025,KT,30,SS,73,-0.64,0.67,154,149,140,10,29,3,0,1,35,11,0,0,8,0,0,27,5,5,1,0.207,0.248,0.25,0.498,0.034,27.5,0.03
11215,채은성,1990년 02월 06일,우투우타,순천북초-순천이수중-효천고,09 LG 육성선수,2025,한화,35,1B,132,1.95,-0.57,527,520,480,54,138,27,1,19,224,88,1,2,31,13,5,96,4,3,0,0.288,0.347,0.467,0.814,0.143,118.4,1.37
11225,임지열,1995년 08월 22일,우투우타,신흥초-건대부중-덕수고,14 넥센 2차 2라운드 22순위,2025,키움,30,LF,102,0.71,0.33,417,416,369,51,90,14,2,11,141,50,13,6,42,2,0,111,11,1,3,0.244,0.322,0.382,0.704,0.114,102.4,1.04
11226,임병욱,1995년 09월 30일,우투좌타,신곡초-배명중-덕수고,14 넥센 1차,2025,키움,30,RF,52,-0.25,-0.41,140,139,133,12,31,4,3,2,47,13,1,0,5,0,0,33,3,1,1,0.233,0.259,0.353,0.612,0.068,61.8,-0.66
11233,이창진,1991년 03월 04일,우투우타,신도초-동인천중-인천고-건국대,14 롯데 2차 6라운드 60순위,2025,KIA,34,LF,37,-0.37,0.27,113,112,93,11,15,3,0,1,21,9,0,2,16,2,0,22,2,1,1,0.161,0.295,0.226,0.521,0.067,56.9,-0.1
11244,김태진,1995년 10월 07일,우투좌타,수유초-신일중-신일고,14 NC 2차 4라운드 45순위,2025,키움,30,2B,94,0.06,-0.53,304,302,279,27,65,11,2,5,95,25,1,1,20,0,1,53,6,2,3,0.233,0.281,0.341,0.622,0.077,67.8,-0.47
11261,박찬호,1995년 06월 05일,우투우타,신답초-건대부중-장충고,14 KIA 2차 5라운드 50순위,2025,KIA,30,SS,134,4.25,0.3,595,587,516,75,148,18,2,5,185,42,27,6,62,3,0,69,7,8,6,0.287,0.363,0.359,0.722,0.127,107.3,4.56
11298,김호령,1992년 04월 30일,우투우타,안산관산초-안산중앙중-군산상고-동국대,15 KIA 2차 10라운드 102순위,2025,KIA,33,CF,105,2.57,0.24,381,373,332,46,94,26,3,6,144,39,12,1,34,6,0,94,4,8,1,0.283,0.359,0.434,0.793,0.146,123.2,2.82
11306,황대인,1996년 02월 10일,우투우타,군산신풍초-자양중-경기고,15 KIA 2차 1라운드 2순위,2025,KIA,29,1B,18,-0.35,0.19,57,57,53,3,10,3,0,1,16,8,0,0,3,0,0,14,0,0,1,0.189,0.228,0.302,0.53,0.039,32.6,-0.16
11329,안중열,1995년 09월 01일,우투우타,가야초-개성중-부산고,14 KT 2차 특별 15순위,2025,NC,30,C,33,0.01,-0.4,60,59,49,2,7,3,0,0,10,6,0,0,8,2,0,15,0,1,0,0.143,0.288,0.204,0.492,0.059,47.5,-0.39
11333,문상철,1991년 04월 06일,우투우타,중대초-잠신중-배명고-고려대,14 KT 2차 특별 11순위,2025,KT,34,1B,79,0.08,0.3,209,206,173,22,37,6,1,5,60,20,1,1,25,5,0,44,3,3,3,0.214,0.325,0.347,0.672,0.11,89.7,0.38
11334,심우준,1995년 04월 28일,우투우타,송정동초-언북중-경기고,14 KT 2차 특별 14순위,2025,한화,30,SS,94,0.42,0.38,275,268,247,39,57,9,1,2,74,22,11,1,17,3,0,49,4,7,1,0.231,0.287,0.3,0.587,0.07,58,0.8
11336,김태훈,1996년 03월 31일,우투좌타,진흥초-평촌중-유신고,15 KT 2차 5라운드 53순위,2025,삼성,29,LF,51,-0.33,-0.06,98,96,93,4,22,1,0,2,29,8,1,0,3,0,0,24,0,2,0,0.237,0.26,0.312,0.572,0.055,42.9,-0.39
11339,김민혁,1995년 11월 21일,우투좌타,서석초-배재중-배재고,14 KT 2차 6라운드 56순위,2025,KT,30,LF,106,0.26,-0.42,417,412,380,52,109,12,2,0,125,35,11,3,25,7,1,41,12,4,1,0.287,0.341,0.329,0.67,0.102,84.2,-0.15
11344,김재성,1996년 10월 30일,우투좌타,신광초-성남중-덕수고,15 LG 1차,2025,삼성,29,C,43,-0.38,0,73,72,63,3,8,2,0,0,10,4,0,0,6,2,0,23,0,1,1,0.127,0.222,0.159,0.381,0.004,3.3,-0.37
11376,송성문,1996년 08월 29일,우투좌타,봉천초-용산-홍은중-장충고,15 넥센 2차 5라운드 49순위,2025,키움,29,3B,144,7.54,1.04,646,642,574,103,181,37,4,26,304,90,25,2,68,1,5,96,6,0,3,0.315,0.387,0.53,0.917,0.183,164.1,8.58
11397,오윤석,1992년 02월 24일,우투우타,화중초-자양중-경기고-연세대,14 롯데 육성선수,2025,KT,33,2B,77,0.29,0.37,184,176,156,30,40,8,1,0,50,19,0,0,12,7,0,41,4,8,1,0.256,0.335,0.321,0.656,0.101,82,0.66
11407,최정용,1996년 10월 24일,우투좌타,서원초-세광중-세광고,15 삼성 2차 2라운드 15순위,2025,KIA,29,2B,4,-0.09,0.11,6,6,6,0,1,0,0,0,1,0,0,0,0,0,0,2,1,0,0,0.167,0.167,0.167,0.334,-0.04,-34,0.02
11414,이도윤,1996년 10월 07일,우투좌타,고명초-배재중-북일고,15 한화 2차 3라운드 24순위,2025,한화,29,2B,113,0.32,0.21,277,266,250,37,65,11,3,1,85,36,1,0,11,3,1,52,5,10,3,0.26,0.296,0.34,0.636,0.08,66.5,0.53
11422,전병우,1992년 10월 24일,우투우타,동삼초-경남중-개성고-동아대,15 롯데 2차 3라운드 28순위,2025,삼성,33,3B,59,0.62,-0.07,97,97,77,11,21,2,0,1,26,13,1,0,19,1,0,27,3,0,0,0.273,0.423,0.338,0.761,0.164,125.9,0.55
12503,김웅빈,1996년 02월 09일,우투좌타,서라벌초-울산제일중-울산공고,15 SK 2차 3라운드 27순위,2025,키움,29,DH,10,-0.22,-0.03,31,30,24,1,2,0,0,0,2,0,0,0,6,0,0,7,2,1,0,0.083,0.267,0.083,0.35,0.027,25,-0.25
12516,이형종,1989년 06월 07일,우투우타,화곡초-양천중-서울고,08 LG 1차,2025,키움,36,LF,33,0.08,0.12,82,80,70,4,14,3,0,2,23,6,1,0,9,1,0,22,3,2,0,0.2,0.3,0.329,0.629,0.092,83.5,0.19
12522,박준영,1997년 08월 05일,우투우타,도곡초-남양주-잠신중-경기고,16 NC 1차,2025,두산,28,SS,41,0.37,-0.31,126,125,111,9,25,8,0,1,36,10,3,0,10,3,0,32,1,1,1,0.225,0.304,0.324,0.628,0.088,74.8,0.07
12524,조수행,1993년 08월 30일,우투좌타,노암초-경포중-강릉고-건국대,16 두산 2차 1라운드 5순위,2025,두산,32,LF,108,-0.01,-0.05,140,133,119,30,29,4,0,0,33,9,30,7,14,0,0,29,1,7,0,0.244,0.323,0.277,0.6,0.086,74,-0.06
12534,최원준,1997년 03월 23일,우투좌타,연현초-경원중-서울고,16 KIA 2차 1라운드 3순위,2025,KIA,28,CF,76,-0.13,-0.6,245,245,227,28,52,7,0,4,71,19,9,1,15,2,0,43,2,0,1,0.229,0.282,0.313,0.595,0.07,59.9,-0.73
12534,최원준,1997년 03월 23일,우투좌타,연현초-경원중-서울고,16 KIA 2차 1라운드 3순위,2025,NC,28,CF,50,-0.03,-0.54,204,202,186,34,48,6,3,2,66,25,17,7,8,4,0,28,3,2,4,0.258,0.297,0.355,0.652,0.087,69.5,-0.58
12539,이진영,1997년 07월 21일,우투우타,둔촌초-선린중-선린고,16 KIA 2차 6라운드 58순위,2025,한화,28,RF,115,1.42,0.57,366,366,321,49,88,13,0,11,134,43,1,4,38,2,0,93,8,0,5,0.274,0.35,0.417,0.767,0.136,113.4,1.99
12540,김규성,1997년 03월 08일,우투좌타,갈산초-선린중-선린고,16 KIA 2차 7라운드 63순위,2025,KIA,28,2B,133,0.4,0.13,222,217,193,30,45,4,0,3,58,16,5,2,21,2,0,49,1,5,1,0.233,0.313,0.301,0.614,0.087,73.1,0.53
12541,신범수,1998년 01월 25일,우투좌타,광주대성초-광주동성중-광주동성고,16 KIA 2차 8라운드 78순위,2025,SSG,27,C,29,0.05,0.06,39,39,33,1,6,1,0,1,10,3,0,0,5,1,0,7,0,0,0,0.182,0.308,0.303,0.611,0.092,74.9,0.11
12545,김주성,1998년 01월 30일,우투우타,신곡초-덕수중-휘문고,16 LG 2차 2라운드 14순위,2025,LG,27,1B,16,0,0.01,17,17,15,3,3,0,0,1,6,1,0,2,1,1,0,2,0,0,0,0.2,0.294,0.4,0.694,0.105,87,0.01
12546,홍창기,1993년 11월 21일,우투좌타,대일초-매송중-안산공고-건국대,16 LG 2차 3라운드 27순위,2025,LG,32,RF,51,1.09,-0.1,215,213,174,32,50,4,0,1,57,16,3,0,29,6,0,40,4,2,4,0.287,0.399,0.328,0.727,0.141,119.4,0.99
12548,김동엽,1990년 07월 24일,우투우타,천안남산초-천안북중-북일고,16 SK 2차 9라운드 86순위,2025,키움,35,DH,9,-0.14,0,29,29,27,2,6,2,0,0,8,2,0,0,2,0,0,11,1,0,0,0.222,0.276,0.296,0.572,0.063,57.9,-0.14
12549,김기연,1997년 09월 07일,우투우타,광주수창초-진흥중-진흥고,16 LG 2차 4라운드 34순위,2025,두산,28,C,100,0.54,-0.24,245,241,219,19,54,9,0,2,69,24,1,0,19,1,0,44,8,4,2,0.247,0.307,0.315,0.622,0.084,72.6,0.3
12560,도태훈,1993년 03월 18일,우투좌타,양정초-개성중-부산고-동의대,16 NC 육성선수,2025,NC,32,2B,61,0.09,0.2,98,92,77,9,14,4,1,1,23,8,3,0,7,8,0,16,2,6,0,0.182,0.315,0.299,0.614,0.093,74.9,0.28
12562,이성규,1993년 08월 03일,우투우타,광주대성초-광주동성중-광주동성고-인하대,16 삼성 2차 4라운드 31순위,2025,삼성,32,RF,68,0.33,0.9,154,153,126,17,25,5,1,6,50,21,2,2,15,10,0,52,3,1,2,0.198,0.327,0.397,0.724,0.124,96.5,1.23
12567,주효상,1997년 11월 11일,우투좌타,역북초-강남중-서울고,16 넥센 1차,2025,KIA,28,C,8,0.21,-0.12,17,17,15,1,5,2,0,0,7,1,0,0,2,0,0,4,0,0,0,0.333,0.412,0.467,0.879,0.182,157.2,0.09
12583,장진혁,1993년 09월 30일,우투좌타,광주화정초-충장중-광주제일고-단국대,16 한화 2차 4라운드 39순위,2025,KT,32,LF,86,-0.16,0.15,157,153,139,19,29,3,1,4,46,19,1,0,13,0,0,46,1,4,1,0.209,0.275,0.331,0.606,0.075,60.9,-0.01
12585,김태연,1997년 06월 10일,우투우타,서울청구초-덕수중-야탑고,16 한화 2차 6라운드 59순위,2025,한화,28,1B,120,0.07,0.43,340,334,303,40,79,15,0,3,103,20,5,3,23,8,0,62,10,6,0,0.261,0.329,0.34,0.669,0.103,85.6,0.49
12589,김인환,1994년 01월 28일,우투좌타,화순초-화순중-화순고-성균관대,16 한화 육성선수,2025,한화,31,1B,10,-0.3,-0.06,26,26,25,2,2,0,0,1,5,3,0,0,1,0,0,9,1,0,0,0.08,0.115,0.2,0.315,-0.045,-39.4,-0.36
12606,홍성호,1997년 07월 15일,우투좌타,인헌초-선린중-선린고,16 두산 2차 4라운드 36순위,2025,두산,28,1B,9,0.28,-0.05,27,27,26,3,9,1,0,2,16,3,0,0,1,0,1,8,0,0,0,0.346,0.37,0.615,0.985,0.183,150.7,0.23
12613,안상현,1997년 01월 27일,우투우타,사파초-선린중-용마고,16 SK 2차 3라운드 26순위,2025,SSG,28,3B,102,0.71,-0.27,289,280,258,38,68,8,2,6,98,15,17,6,18,2,0,85,2,9,2,0.264,0.314,0.38,0.694,0.105,85,0.45
12622,김찬형,1997년 12월 29일,우투우타,양정초-경남중-경남고,16 NC 2차 6라운드 53순위,2025,SSG,28,3B,44,-0.56,0.17,78,77,73,4,13,2,0,0,15,5,0,0,3,1,0,13,3,1,0,0.178,0.221,0.205,0.426,0.007,5.5,-0.39
12869,박정우,1998년 02월 01일,좌투좌타,역삼초-언북중-덕수고,17 KIA 2차 7라운드 64순위,2025,KIA,27,CF,53,0.4,0.04,75,75,62,17,17,2,0,0,19,4,2,1,10,3,0,12,1,0,0,0.274,0.4,0.306,0.706,0.138,117.1,0.45
12894,이유찬,1998년 08월 05일,우투우타,동막초-천안북중-북일고,17 두산 2차 5라운드 50순위,2025,두산,27,SS,89,0.99,-0.15,311,305,269,36,65,8,1,1,78,16,12,2,33,2,0,66,4,6,1,0.242,0.328,0.29,0.618,0.093,79,0.84
12903,김수윤,1998년 07월 16일,우투우타,삼성초-개성중-부산고,17 NC 2차 7라운드 68순위,2025,SSG,27,3B,7,-0.16,-0.01,12,12,11,0,1,0,0,0,1,0,0,0,0,1,0,4,0,0,0,0.091,0.167,0.091,0.258,-0.05,-43.2,-0.16
12916,이정훈,1994년 12월 07일,우투좌타,교문초-배재중-휘문고-경희대,17 KIA 2차 10라운드 94순위,2025,KT,31,LF,59,0.32,-0.4,148,148,132,20,34,4,0,4,50,14,0,1,13,3,0,48,4,0,0,0.258,0.338,0.379,0.717,0.12,96.3,-0.08
12917,김석환,1999년 02월 28일,좌투좌타,광주서석초-광주동성중-광주동성고,17 KIA 2차 3라운드 24순위,2025,KIA,26,LF,47,0.31,-0.39,134,134,117,14,31,1,2,2,42,16,0,0,14,2,0,55,0,0,1,0.265,0.351,0.359,0.71,0.123,103.8,-0.08
12922,박성한,1998년 03월 30일,우투좌타,순천북초-여수중-효천고,17 SK 2차 2라운드 16순위,2025,SSG,27,SS,127,4.74,0.55,538,536,452,73,124,23,2,7,172,48,5,6,79,3,1,93,6,2,2,0.274,0.384,0.381,0.765,0.149,120.8,5.28
12931,김민수,1998년 03월 18일,우투우타,서화초-동산중-제물포고,17 롯데 2차 2라운드 13순위,2025,LG,27,1B,13,-0.11,0.11,13,13,11,0,2,0,0,0,2,1,1,0,1,0,0,6,0,0,1,0.182,0.231,0.182,0.413,0.006,4.6,-0.01
12936,김성윤,1999년 02월 02일,좌투좌타,부산진구-양산원동중-포철공고,17 삼성 2차 4라운드 39순위,2025,삼성,26,RF,127,5.12,0.38,538,528,456,92,151,29,9,6,216,61,26,7,65,5,0,54,11,10,2,0.331,0.419,0.474,0.893,0.189,146.2,5.5
12941,홍현빈,1997년 08월 29일,우투좌타,신곡초-매송중-유신고,17 KT 2차 3라운드 21순위,2025,삼성,28,CF,32,-0.23,0.17,38,36,32,8,4,2,0,0,6,0,0,0,3,1,0,8,0,2,0,0.125,0.222,0.188,0.41,0.013,10.1,-0.06
12970,김민혁,1996년 05월 03일,우투우타,광주대성초-광주동성중-광주동성고,15 두산 2차 2라운드 16순위,2025,두산,29,1B,10,0.07,0.06,21,21,17,2,2,0,0,1,5,1,0,0,4,0,0,6,0,0,0,0.118,0.286,0.294,0.58,0.088,73.7,0.14
12988,안주형,1993년 08월 14일,우투좌타,부산중앙초-부산중-부경고-영남대,16 삼성 육성선수,2025,삼성,32,2B,8,-0.04,-0.26,18,18,17,3,4,0,0,1,7,2,0,1,1,0,0,5,1,0,0,0.235,0.278,0.412,0.69,0.096,76,-0.3
12995,로하스,1990년 05월 24일,우투양타,-,17 KT 자유선발,2025,KT,35,RF,95,1.39,-0.17,384,382,331,48,79,20,0,14,141,43,1,1,48,1,3,71,9,0,4,0.239,0.333,0.426,0.759,0.131,107,1.21
13006,안치영,1998년 05월 29일,우투좌타,부천원미-천안북중-북일고,17 KT 2차 6라운드 51순위,2025,KT,27,LF,47,0.06,0.03,56,52,44,9,10,1,0,1,14,6,0,2,4,3,0,13,1,4,1,0.227,0.327,0.318,0.645,0.098,78.7,0.09
13056,신민재,1996년 01월 21일,우투좌타,서흥초-동인천중-인천고,15 두산 육성선수,2025,LG,29,2B,135,4.18,-0.69,538,532,463,87,145,15,7,1,177,61,15,9,62,3,0,57,7,6,4,0.313,0.395,0.382,0.777,0.151,128.8,3.49
13073,전민재,1999년 06월 30일,우투우타,천안남산초-천안북중-대전고,18 두산 2차 4라운드 40순위,2025,롯데,26,SS,101,1.75,-0.62,369,359,331,39,95,15,0,5,125,34,3,3,22,4,0,63,7,10,2,0.287,0.337,0.378,0.715,0.115,90.6,1.13
13081,김형준,1999년 11월 02일,우투우타,가동초-세광중-세광고,18 NC 2차 1라운드 9순위,2025,NC,26,C,127,2.59,0.69,415,412,362,51,84,10,1,18,150,55,3,0,45,3,0,126,7,3,2,0.232,0.32,0.414,0.734,0.124,100.9,3.27
13082,오영수,2000년 01월 30일,우투좌타,사파초-신월중-용마고,18 NC 2차 2라운드 19순위,2025,NC,25,DH,67,0.09,-0.04,179,179,155,14,36,5,0,3,50,23,3,2,22,2,0,47,0,0,0,0.232,0.335,0.323,0.658,0.108,87.4,0.05
13094,추재현,1999년 02월 22일,좌투좌타,성동구-건대부중-신일고,18 넥센 2차 3라운드 28순위,2025,두산,26,LF,34,-0.22,-0.31,87,85,81,7,18,3,1,1,26,7,0,0,3,1,0,17,2,2,0,0.222,0.259,0.321,0.58,0.059,51.1,-0.53
13109,송찬의,1999년 02월 20일,우투우타,화곡초-선린중-선린고,18 LG 2차 7라운드 67순위,2025,LG,26,RF,66,-0.06,0.1,166,165,147,18,31,9,1,3,51,20,2,2,9,8,0,49,4,1,1,0.211,0.291,0.347,0.638,0.087,74.1,0.03
13112,문성주,1997년 02월 20일,좌투좌타,포철서초-포철중-경북고-강릉영동대,18 LG 2차 10라운드 97순위,2025,LG,28,RF,135,2.31,0.31,542,542,475,57,145,20,2,3,178,70,4,3,54,4,0,59,10,0,9,0.305,0.375,0.375,0.75,0.135,115.1,2.61
13113,한준수,1999년 02월 13일,우투좌타,광주서석초-광주동성중-광주동성고,18 KIA 1차,2025,KIA,26,C,103,0.98,-0.32,276,276,244,33,55,12,1,7,90,26,0,0,26,3,1,48,4,0,3,0.225,0.304,0.369,0.673,0.1,85.3,0.66
13128,최준우,1999년 03월 25일,우투좌타,방배초-대치중-장충고,18 SK 2차 4라운드 35순위,2025,SSG,26,LF,78,-0.12,-0.17,192,189,152,17,29,0,0,3,38,22,2,0,30,3,0,47,3,3,4,0.191,0.328,0.25,0.578,0.09,73.3,-0.29
13138,이원석,1999년 03월 31일,우투우타,화곡초-충암중-충암고,18 한화 2차 4라운드 34순위,2025,한화,26,RF,129,-0.08,0.66,248,241,212,60,43,7,0,4,62,24,22,3,23,4,0,51,4,7,2,0.203,0.29,0.292,0.582,0.074,62.4,0.58
13151,이호연,1995년 06월 03일,우투좌타,광주수창초-진흥중-광주제일고-성균관대,18 롯데 2차 6라운드 53순위,2025,KT,30,1B,32,0.3,-0.08,75,74,70,8,24,7,0,1,34,8,0,0,3,1,0,14,2,1,0,0.343,0.378,0.486,0.864,0.164,129.9,0.21
13154,정보근,1999년 08월 31일,우투우타,수영초-경남중-경남고,18 롯데 2차 9라운드 83순위,2025,롯데,26,C,93,0.02,0,152,147,129,4,24,4,1,1,33,15,0,0,18,1,1,39,4,4,0,0.186,0.291,0.256,0.547,0.066,52.8,0.02
13155,장두성,1999년 09월 16일,우투좌타,축현초-재능중-동산고,18 롯데 2차 10라운드 93순위,2025,롯데,26,CF,118,0.2,0.51,284,277,248,51,65,3,3,0,74,25,17,5,24,3,0,64,3,7,2,0.262,0.332,0.298,0.63,0.094,75,0.71
13161,윤정빈,1999년 06월 24일,우투좌타,신도초-부천중-부천고,18 삼성 2차 5라운드 42순위,2025,삼성,26,RF,25,-0.31,-0.36,46,46,40,3,7,1,0,0,8,3,0,0,4,0,0,18,1,0,2,0.175,0.239,0.2,0.439,0.019,14.1,-0.67
13168,강백호,1999년 07월 29일,우투좌타,부천북초-서울이수중-서울고,18 KT 2차 1라운드 1순위,2025,KT,26,DH,95,1.74,-0.06,369,367,321,41,85,18,1,15,150,61,2,4,44,3,3,64,9,0,1,0.265,0.358,0.467,0.825,0.154,125.9,1.68
13177,조대현,1999년 08월 06일,우투우타,길동초-매송중-유신고,18 KT 2차 10라운드 91순위,2025,KT,26,C,64,0.02,-0.4,90,84,75,7,14,4,0,0,18,11,0,0,7,2,0,22,0,6,0,0.187,0.274,0.24,0.514,0.051,41.5,-0.39
13194,이정범,1998년 04월 10일,좌투좌타,숭의초-동인천중-인천고,17 SK 2차 5라운드 46순위,2025,SSG,27,1B,3,-0.07,0,3,3,3,0,0,0,0,0,0,0,0,0,0,0,0,2,0,0,0,0,0,0,0,-0.17,-133.5,-0.07
13195,최상민,1999년 08월 20일,좌투좌타,석교초-청주중-북일고,18 SK 육성선수,2025,SSG,26,RF,23,-0.02,-0.12,9,9,7,5,1,0,0,0,1,1,1,1,1,1,0,5,0,0,0,0.143,0.333,0.143,0.476,0.07,57.5,-0.14
13223,변상권,1997년 04월 04일,우투좌타,상인천중-제물포고-재능대,18 넥센 육성선수,2025,키움,28,LF,12,-0.12,-0.01,20,20,19,2,5,2,0,0,7,4,0,0,0,0,0,2,0,0,1,0.263,0.25,0.368,0.618,0.057,51.8,-0.13
13250,한석현,1994년 05월 17일,좌투좌타,대천중-경남고,14 LG 2차 5라운드 48순위,2025,NC,31,CF,61,0.02,0.23,138,134,113,18,22,5,0,3,36,21,1,1,12,7,0,27,1,4,2,0.195,0.306,0.319,0.625,0.09,73.3,0.26
13261,천재환,1994년 04월 01일,우투우타,대전신흥초-공주중-화순고-고려대,17 NC 육성선수,2025,NC,31,CF,129,0.14,-0.08,294,288,261,47,62,10,3,6,96,31,15,5,17,5,0,58,3,6,5,0.238,0.292,0.368,0.66,0.09,74,0.06
13676,권광민,1997년 12월 12일,좌투좌타,서울청구초-홍은중-장충고,22 한화 2차 5라운드 41순위,2025,한화,28,1B,15,-0.23,-0.05,18,18,18,2,3,1,0,0,4,0,0,0,0,0,0,5,1,0,0,0.167,0.167,0.222,0.389,-0.022,-17.8,-0.28
14110,박민석,2000년 04월 13일,우투우타,성동초-덕수중-장충고,19 KT 2차 5라운드 41순위,2025,KT,25,SS,19,0.08,0.02,21,21,19,5,5,1,1,0,8,1,0,1,2,0,0,4,0,0,0,0.263,0.333,0.421,0.754,0.134,114.3,0.1
14115,김도환,2000년 04월 14일,우투우타,의정부-영동중-신일고,19 삼성 2차 2라운드 12순위,2025,삼성,25,C,6,0.01,0.05,14,14,14,3,4,1,0,0,5,1,0,0,0,0,0,4,0,0,0,0.286,0.286,0.357,0.643,0.076,54.6,0.06
14116,양우현,2000년 04월 13일,우투좌타,남정초-충암중-충암고,19 삼성 2차 3라운드 22순위,2025,삼성,25,2B,14,-0.13,-0.01,16,16,16,3,3,1,0,0,4,4,0,0,0,0,0,2,0,0,0,0.188,0.188,0.25,0.438,-0.004,-2.8,-0.15
14117,이병헌,1999년 10월 26일,우투우타,숭의초-신흥중-제물포고,19 삼성 2차 4라운드 32순위,2025,삼성,26,C,55,-0.14,0.04,59,59,55,5,11,3,0,1,17,7,0,0,3,1,0,13,1,0,0,0.2,0.254,0.309,0.563,0.056,43.2,-0.1
14121,이해승,2000년 08월 01일,우투우타,인천서림초-신흥중-인천고,19 삼성 2차 8라운드 72순위,2025,삼성,25,SS,8,0,-0.36,5,5,5,2,1,0,0,0,1,1,0,0,0,0,0,2,0,0,0,0.2,0.2,0.2,0.4,-0.014,-10.8,-0.36
14122,박승규,2000년 09월 02일,우투우타,일산초-덕수중-경기고,19 삼성 2차 9라운드 82순위,2025,삼성,25,CF,64,1.23,0.1,200,199,174,39,50,5,0,6,73,14,5,4,21,4,0,43,2,1,0,0.287,0.377,0.42,0.797,0.152,118.9,1.33
14124,변우혁,2000년 03월 18일,우투우타,일산초-현도중-북일고,19 한화 1차,2025,KIA,25,3B,47,-0.49,0.39,153,153,142,11,31,7,0,0,38,17,0,0,10,1,0,47,3,0,0,0.218,0.275,0.268,0.543,0.054,45.8,-0.11
14125,노시환,2000년 12월 03일,우투우타,수영초-경남중-경남고,19 한화 2차 1라운드 3순위,2025,한화,25,3B,144,4.47,0.41,624,618,539,97,140,28,2,32,268,101,14,5,70,11,10,125,22,0,4,0.26,0.354,0.497,0.851,0.156,129.7,4.88
14126,유로결,2000년 05월 30일,우투우타,광주서림초-광주동성중-광주제일고,19 한화 2차 2라운드 13순위,2025,한화,25,RF,20,-0.14,-0.23,16,14,13,1,2,0,0,0,2,0,1,0,0,1,0,4,0,2,0,0.154,0.214,0.154,0.368,-0.012,-9.5,-0.37
14133,주성원,2000년 08월 30일,우투우타,부산남구-신정중-개성고,19 넥센 2차 3라운드 24순위,2025,키움,25,RF,58,0.05,0.09,174,174,156,21,39,6,0,1,48,12,4,0,13,4,0,45,2,0,1,0.25,0.322,0.308,0.63,0.091,81.3,0.13
14137,문보경,2000년 07월 19일,우투좌타,동대문-덕수중-신일고,19 LG 2차 3라운드 25순위,2025,LG,25,3B,141,4.72,-0.53,607,605,515,91,142,21,1,24,237,108,3,1,79,4,3,108,15,0,9,0.276,0.371,0.46,0.831,0.159,135.5,4.18
14140,구본혁,1997년 01월 11일,우투우타,중대초-잠신중-장충고-동국대,19 LG 2차 6라운드 55순위,2025,LG,28,3B,131,2.25,1.33,397,384,343,41,98,16,2,1,121,38,10,5,36,6,1,44,4,12,0,0.286,0.364,0.353,0.717,0.125,106,3.59
14147,하재훈,1990년 10월 29일,우투우타,양덕초-마산동중-용마고,19 SK 2차 2라운드 16순위,2025,SSG,35,RF,18,-0.44,-0.03,61,61,56,6,8,0,0,3,17,8,1,2,4,0,0,21,1,0,1,0.143,0.197,0.304,0.501,0.027,21.9,-0.48
14153,채현우,1995년 11월 21일,우투우타,칠성초-경복중-상원고-송원대,19 SK 2차 8라운드 76순위,2025,SSG,30,LF,41,-0.14,0.25,52,52,48,8,9,1,1,1,15,9,2,0,3,0,0,13,1,0,1,0.188,0.231,0.313,0.544,0.045,37.4,0.11
14160,고승민,2000년 08월 11일,우투좌타,군산신풍초-배명중-북일고,19 롯데 2차 1라운드 8순위,2025,롯데,25,2B,121,1.66,0.39,538,532,469,71,127,21,2,4,164,45,5,1,56,3,1,83,8,6,4,0.271,0.35,0.35,0.7,0.118,94.3,2.05
14169,신윤후,1996년 01월 05일,우투우타,무학초-마산중-마산고-동의대,19 롯데 2차 10라운드 98순위,2025,롯데,29,CF,12,-0.19,-0.02,13,12,12,1,2,0,0,0,2,0,1,0,0,0,0,3,0,1,0,0.167,0.167,0.167,0.334,-0.04,-31,-0.21
14170,김대한,2000년 12월 06일,우투우타,숭인초-강북-덕수중-휘문고,19 두산 1차,2025,두산,25,LF,16,-0.18,-0.14,37,37,36,1,7,0,0,1,10,5,0,1,1,0,0,6,0,0,0,0.194,0.216,0.278,0.494,0.023,20.6,-0.32
14172,송승환,2000년 10월 28일,우투우타,신기초-금천구-양천중-서울고,19 두산 2차 2라운드 19순위,2025,NC,25,DH,13,-0.12,-0.12,15,15,15,0,3,1,0,0,4,2,0,0,0,0,0,6,0,0,0,0.2,0.2,0.267,0.467,0.007,5.9,-0.24
14175,김태근,1996년 08월 10일,우투우타,광진-건대부중-배명고-건국대,19 두산 2차 5라운드 49순위,2025,삼성,29,LF,11,0.08,-0.1,14,14,12,2,4,0,0,0,4,0,0,0,2,0,0,4,0,0,0,0.333,0.429,0.333,0.762,0.156,123.2,-0.02
14181,오선우,1996년 12월 13일,좌투좌타,성동초-자양중-배명고-인하대,19 KIA 2차 5라운드 50순위,2025,KIA,29,1B,124,0.95,-0.92,474,474,437,58,116,17,1,18,189,56,0,2,34,3,2,158,11,0,0,0.265,0.323,0.432,0.755,0.124,105,0.03
14187,최승민,1996년 07월 01일,우투좌타,서울학동초-대치중-신일고,15 NC 육성선수,2025,LG,29,LF,19,-0.11,-0.35,6,6,5,6,0,0,0,0,0,0,1,2,1,0,0,2,0,0,0,0,0.167,0,0.167,-0.049,-41.5,-0.46
14191,강민성,1999년 12월 08일,우투우타,옥산초-경상중-경북고,19 KT 2차 6라운드 51순위,2025,KT,26,2B,25,-0.43,-0.04,36,36,30,0,1,0,0,0,1,1,0,0,5,0,0,15,1,0,1,0.033,0.167,0.033,0.2,-0.047,-38.2,-0.46
14220,서호철,1996년 10월 16일,우투우타,순천남산초-순천이수중-효천고-동의대,19 NC 2차 9라운드 87순위,2025,NC,29,1B,103,-0.34,-0.48,292,282,263,25,70,7,1,3,88,30,7,3,8,7,0,51,7,10,4,0.266,0.301,0.335,0.636,0.081,65.5,-0.82
14221,최정원,2000년 06월 24일,우투좌타,서원초-청주중-청주고,19 NC 2차 7라운드 67순위,2025,NC,25,CF,91,1.21,0.1,155,151,120,40,33,3,0,0,36,11,30,6,18,12,0,22,0,4,1,0.275,0.417,0.3,0.717,0.145,117.3,1.31
14222,김범준,2000년 04월 20일,우투우타,대현초-제일중-대구고,19 NC 2차 5라운드 47순위,2025,NC,25,LF,1,-0.02,0,1,1,1,0,0,0,0,0,0,0,0,0,0,0,0,1,0,0,0,0,0,0,0,-0.17,-139.5,-0.02
14577,김병휘,2001년 02월 16일,우투우타,효제초-홍은중-장충고,20 키움 2차 4라운드 37순위,2025,키움,24,2B,7,0.11,-0.15,6,6,4,2,1,0,0,0,1,0,0,0,2,0,0,1,0,0,0,0.25,0.5,0.25,0.75,0.202,185.8,-0.04
14580,박주홍,2001년 04월 16일,좌투좌타,하남-건대부중-장충고,20 키움 1차,2025,키움,24,RF,102,0.27,-0.08,283,281,248,33,56,11,3,3,82,23,11,1,30,1,0,72,5,2,2,0.226,0.31,0.331,0.641,0.096,84,0.19
14584,현원회,2001년 07월 08일,우투우타,가동초-경상중-대구고,20 SK 2차 4라운드 40순위,2025,SSG,24,DH,21,-0.04,0.21,62,62,59,6,18,1,0,1,22,6,0,0,3,0,0,16,3,0,0,0.305,0.339,0.373,0.712,0.112,89.2,0.17
14586,류효승,1996년 07월 16일,우투우타,칠성초-경상중-상원고-성균관대,20 SK 2차 6라운드 60순위,2025,SSG,29,DH,27,0.43,-0.06,103,103,94,18,27,5,0,6,50,16,0,1,7,2,0,28,1,0,0,0.287,0.35,0.532,0.882,0.167,132.6,0.37
14587,최지훈,1997년 07월 23일,우투좌타,광주수창초-무등중-광주제일고-동국대,20 SK 2차 3라운드 30순위,2025,SSG,28,CF,140,2.25,0.05,574,568,517,66,147,16,4,7,192,45,28,7,43,5,2,87,2,4,5,0.284,0.342,0.371,0.713,0.116,93.8,2.3
14590,손호영,1994년 08월 23일,우투우타,부곡초-평촌중-충훈고-홍익대,20 LG 2차 3라운드 23순위,2025,롯데,31,3B,97,0.24,-0.04,375,364,328,39,82,12,0,4,106,41,7,0,22,10,0,66,9,11,4,0.25,0.313,0.323,0.636,0.088,71.3,0.2
14591,이주형,2001년 04월 02일,우투좌타,해운대-센텀중-경남고,20 LG 2차 2라운드 13순위,2025,키움,24,CF,127,2.37,0.56,514,510,446,55,107,22,1,11,164,45,15,1,37,28,2,115,7,3,0,0.24,0.337,0.368,0.705,0.115,103.8,2.93
14597,박시원,2001년 05월 30일,우투좌타,광주서림초-광주동성중-광주제일고,20 NC 2차 2라운드 11순위,2025,NC,24,RF,52,-0.13,-0.28,60,59,54,12,11,2,0,1,16,4,1,0,5,0,0,18,1,1,0,0.204,0.271,0.296,0.567,0.064,50.7,-0.41
14603,강현우,2001년 04월 13일,우투우타,부천원미-부천중-유신고,20 KT 2차 1라운드 2순위,2025,KT,24,C,40,0.05,-0.16,78,75,64,5,12,1,0,1,16,8,0,0,10,0,0,14,1,3,1,0.188,0.293,0.25,0.543,0.068,55.5,-0.11
14605,윤준혁,2001년 07월 26일,우투우타,은평-충암중-충암고,20 KT 2차 4라운드 32순위,2025,KT,24,1B,28,-0.32,0.14,18,17,17,4,1,1,0,0,2,0,1,0,0,0,0,5,0,1,0,0.059,0.059,0.118,0.177,-0.105,-83.3,-0.18
14606,천성호,1997년 10월 30일,우투좌타,광주화정초-충장중-진흥고-단국대,20 KT 2차 2라운드 12순위,2025,KT,28,2B,31,0.37,0.55,81,81,67,10,14,5,1,0,21,7,0,1,10,4,0,12,1,0,0,0.209,0.346,0.313,0.659,0.115,91.9,0.92
14606,천성호,1997년 10월 30일,우투좌타,광주화정초-충장중-진흥고-단국대,20 KT 2차 2라운드 12순위,2025,LG,28,2B,52,0.03,-0.39,118,114,106,14,27,4,1,1,36,10,3,0,7,1,0,17,1,4,0,0.255,0.307,0.34,0.647,0.091,76.5,-0.37
14611,박민,2001년 06월 05일,우투우타,갈산초-성남중-야탑고,20 KIA 2차 1라운드 6순위,2025,KIA,24,3B,71,-0.21,0.06,105,102,94,11,19,5,0,1,27,6,1,0,5,3,0,33,1,3,0,0.202,0.265,0.287,0.552,0.055,47,-0.15
14612,홍종표,2000년 05월 02일,우투좌타,동막초-영남중-강릉고,20 KIA 2차 2라운드 16순위,2025,KIA,25,2B,44,-0.2,0.35,64,60,52,10,10,0,0,0,10,1,1,1,7,0,0,14,1,4,1,0.192,0.283,0.192,0.475,0.045,37.9,0.15
14612,홍종표,2000년 05월 02일,우투좌타,동막초-영남중-강릉고,20 KIA 2차 2라운드 16순위,2025,NC,25,2B,18,-0.34,-0.43,21,21,21,6,2,0,0,0,2,2,0,1,0,0,0,9,0,0,0,0.095,0.095,0.095,0.19,-0.096,-76.3,-0.77
14618,김지찬,2001년 03월 08일,우투좌타,이천-모가중-라온고,20 삼성 2차 2라운드 15순위,2025,삼성,24,CF,90,1.41,-0.48,373,363,317,59,89,9,2,0,102,23,22,3,38,5,0,44,7,10,3,0.281,0.364,0.322,0.686,0.118,93.1,0.94
14642,황성빈,1997년 12월 19일,우투좌타,관산초-안산중앙중-소래고-경남대,20 롯데 2차 5라운드 44순위,2025,롯데,28,CF,79,0.41,-0.27,273,270,246,43,63,4,4,1,78,22,25,4,18,4,0,46,3,3,2,0.256,0.315,0.317,0.632,0.089,72.2,0.14
14659,한재환,2001년 10월 19일,우투우타,기장-대신중-개성고,20 NC 2차 8라운드 71순위,2025,NC,24,DH,16,-0.16,0.13,31,31,27,2,5,0,0,0,5,4,0,0,2,2,0,14,0,0,0,0.185,0.29,0.185,0.475,0.045,36.6,-0.03
14661,박영빈,1997년 07월 16일,우투좌타,의정부-청량중-충암고-경희대,20 NC 육성선수,2025,NC,28,CF,16,0.05,-0.03,5,5,4,8,1,0,0,0,1,1,4,2,1,0,0,2,0,0,0,0.25,0.4,0.25,0.65,0.131,100.9,0.03
14680,함창건,2001년 08월 18일,좌투좌타,백운초-충암중-충암고,20 LG 2차 7라운드 63순위,2025,LG,24,LF,15,-0.21,0.3,36,36,32,2,6,2,0,0,8,2,0,0,3,0,0,9,1,0,1,0.188,0.25,0.25,0.5,0.038,33,0.1
14704,박정현,2001년 07월 27일,우투우타,부천북초-부천중-유신고,20 한화 2차 8라운드 78순위,2025,한화,24,DH,2,-0.05,0,2,2,2,0,0,0,0,0,0,0,0,0,0,0,0,1,0,0,0,0,0,0,0,-0.17,-136.1,-0.05
14706,임종찬,2001년 09월 28일,우투좌타,우암초-청주중-북일고,20 한화 2차 3라운드 28순위,2025,한화,24,RF,17,-0.12,-0.02,35,35,30,2,5,1,0,1,9,2,2,0,5,0,0,13,0,0,0,0.167,0.286,0.3,0.586,0.081,66,-0.14
14707,최인호,2000년 01월 30일,우투좌타,송정동초-광주동성중-포철고,20 한화 2차 6라운드 58순위,2025,한화,25,DH,78,0.15,-0.1,159,158,139,7,36,9,0,2,51,19,1,0,13,5,0,29,5,1,1,0.259,0.342,0.367,0.709,0.118,96.9,0.05
14716,김한별,2001년 01월 18일,우투우타,효제초-선린중-배재고,20 NC 2차 7라운드 61순위,2025,NC,24,2B,76,0.43,0.07,72,70,64,14,20,2,0,0,22,5,1,0,3,3,0,5,2,2,0,0.313,0.371,0.344,0.715,0.121,99.1,0.5
14736,박지훈,2000년 09월 07일,우투우타,김해삼성초-경남중-마산고,20 두산 2차 5라운드 49순위,2025,두산,25,3B,37,1,-0.18,55,54,48,11,20,4,0,1,27,8,1,0,5,1,0,12,1,1,0,0.417,0.481,0.563,1.044,0.239,203.7,0.82
14737,오명진,2001년 09월 04일,우투좌타,대전신흥초-한밭중-북일고,20 두산 2차 6라운드 59순위,2025,두산,24,2B,107,1.15,0.65,371,363,331,38,87,14,4,4,121,41,5,3,27,3,1,94,3,7,3,0.263,0.321,0.366,0.687,0.105,89.8,1.8
14765,김주원,2002년 07월 30일,우투양타,삼일초-안산중앙중-유신고,21 NC 2차 1라운드 6순위,2025,NC,23,SS,144,6.27,0.06,624,620,539,98,156,26,8,15,243,65,44,11,63,16,1,111,8,4,2,0.289,0.379,0.451,0.83,0.162,131.1,6.33
14766,오태양,2002년 04월 25일,우투우타,방배초-대치중-청원고,21 NC 2차 5라운드 46순위,2025,NC,23,CF,14,0.07,-0.11,13,13,12,6,3,0,0,0,3,1,2,1,1,0,0,3,0,0,0,0.25,0.308,0.25,0.558,0.066,51.8,-0.04
14771,안재석,2002년 02월 15일,우투좌타,성내초-배재중-서울고,21 두산 1차,2025,두산,23,SS,35,1.41,0.37,147,145,135,25,43,16,1,4,73,20,2,1,11,0,1,27,3,1,0,0.319,0.37,0.541,0.911,0.177,149.4,1.77
14773,강현구,2002년 06월 16일,우투우타,도림초-동산중-인천고,21 두산 2차 3라운드 30순위,2025,두산,23,DH,1,-0.05,0,2,2,2,0,0,0,0,0,0,0,0,0,0,0,0,1,0,0,0,0,0,0,0,-0.17,-151,-0.05
14777,권동진,1998년 09월 12일,우투좌타,제주신광초-세광중-세광고-원광대,21 KT 2차 1라운드 5순위,2025,KT,27,SS,123,0.52,-0.11,309,303,271,34,61,12,3,1,82,25,3,1,30,1,0,91,8,6,1,0.225,0.304,0.303,0.607,0.084,68.4,0.4
14778,유준규,2002년 08월 16일,우투좌타,군산신풍초-군산중-군산상고,21 KT 2차 3라운드 25순위,2025,KT,23,LF,35,-0.03,-0.09,41,41,34,13,4,2,0,0,6,3,2,1,7,0,0,13,0,0,0,0.118,0.268,0.176,0.444,0.046,38.7,-0.12
14779,김건형,1996년 07월 12일,우투좌타,Lesbois(중)-Timberline(고)-Boise State(대),21 KT 2차 8라운드 75순위,2025,KT,29,LF,2,-0.02,-0.06,1,1,1,0,0,0,0,0,0,0,0,0,0,0,0,0,0,0,0,0,0,0,0,-0.17,-132.8,-0.08
14783,이영빈,2002년 06월 17일,우투좌타,대전중구-충남중-세광고,21 LG 2차 1라운드 7순위,2025,LG,23,2B,44,-0.06,-0.08,75,74,72,12,15,1,1,3,27,9,1,0,1,0,0,35,1,1,1,0.208,0.216,0.375,0.591,0.051,42.3,-0.14
14785,김휘집,2002년 01월 01일,우투우타,양목초-대치중-신일고,21 키움 2차 1라운드 9순위,2025,NC,23,3B,142,2.78,0.09,500,498,429,64,107,18,2,17,180,56,10,2,40,27,0,89,9,2,2,0.249,0.349,0.42,0.769,0.138,112.3,2.87
14796,손성빈,2002년 01월 14일,우투우타,희망대초-신흥중-장안고,21 롯데 1차,2025,롯데,23,C,51,-0.42,0.22,69,67,62,6,9,0,0,1,12,3,0,0,4,1,0,20,1,2,0,0.145,0.209,0.194,0.403,0.002,1.7,-0.2
14797,나승엽,2002년 02월 15일,우투좌타,남정초-선린중-덕수고,21 롯데 2차 2라운드 11순위,2025,롯데,23,1B,105,0.66,-0.73,392,388,328,40,75,12,2,9,118,44,0,0,55,5,2,65,10,3,1,0.229,0.347,0.36,0.707,0.125,99.8,-0.07
14806,조형우,2002년 04월 04일,우투우타,송정동초-무등중-광주제일고,21 SK 2차 1라운드 8순위,2025,SSG,23,C,102,0.44,0.14,294,293,269,23,64,8,0,4,84,29,0,0,19,3,0,64,5,1,2,0.238,0.294,0.312,0.606,0.076,61.5,0.59
14807,고명준,2002년 07월 08일,우투우타,서원초-세광중-세광고,21 SK 2차 2라운드 18순위,2025,SSG,23,1B,130,0.07,0.72,500,500,471,46,131,20,1,17,204,64,2,0,20,2,1,99,12,0,7,0.278,0.306,0.433,0.739,0.112,90.8,0.79
14811,장규현,2002년 06월 28일,우투좌타,인천남-동인천중-인천고,21 한화 2차 4라운드 32순위,2025,한화,23,C,2,0.11,0.01,2,2,1,1,1,0,0,0,1,0,0,0,1,0,0,0,0,0,0,1,1,1,2,0.582,478.3,0.11
14829,김정호,1998년 07월 13일,우투우타,옥산초-경복중-포철고-성균관대,21 NC 2차 8라운드 76순위,2025,NC,27,C,8,0.19,0.06,11,10,9,3,4,0,0,0,4,0,0,0,0,1,0,4,0,1,0,0.444,0.5,0.444,0.944,0.207,161.4,0.26
14838,박성재,2002년 11월 18일,우투우타,개성중-부산고,21 두산 2차 8라운드 80순위,2025,두산,23,1B,6,-0.17,0.08,7,7,7,0,0,0,0,0,0,0,0,0,0,0,0,5,0,0,0,0,0,0,0,-0.17,-143.3,-0.09
14855,이주형,2002년 07월 05일,좌투좌타,매송중-야탑고,21 키움 2차 4라운드 39순위,2025,키움,23,DH,11,0.12,-0.01,17,17,16,2,5,0,0,0,5,2,0,0,1,0,0,7,0,0,0,0.313,0.353,0.313,0.666,0.102,91.3,0.11
14866,이창용,1999년 06월 03일,우투우타,노원-청량중-신흥고-강릉영동대,21 삼성 2차 8라운드 73순위,2025,삼성,26,DH,11,0.09,-0.16,17,17,15,2,3,1,0,1,7,2,1,0,2,0,0,8,0,0,0,0.2,0.294,0.467,0.761,0.128,97.9,-0.07
14870,최성민,2002년 07월 05일,좌투좌타,송정동초-무등중-광주동성고,21 KT 2차 6라운드 55순위,2025,KT,23,RF,32,-0.29,0.16,21,20,19,3,2,0,0,0,2,2,1,0,1,0,0,5,0,1,0,0.105,0.15,0.105,0.255,-0.056,-45.5,-0.13
15004,푸이그,1990년 12월 07일,우투우타,쿠바 EIEFD(대),22 키움 자유선발,2025,키움,35,LF,40,-0.14,-0.23,172,172,156,17,33,2,0,6,53,20,0,0,12,4,0,38,1,0,0,0.212,0.285,0.34,0.625,0.082,74.5,-0.37
15015,허인서,2003년 07월 11일,우투우타,순천북초-여수중-효천고,22 한화 2차 2라운드 11순위,2025,한화,22,C,20,-0.23,0.12,30,30,29,2,5,1,0,0,6,2,0,0,0,1,0,12,1,0,0,0.172,0.2,0.207,0.407,-0.007,-6.1,-0.11
15030,김태윤,2003년 02월 28일,우투좌타,하남-배명중-배명고,22 SSG 2차 7라운드 62순위,2025,SSG,22,3B,8,0.08,0.03,4,4,2,0,1,0,0,0,1,0,1,1,2,0,0,0,0,0,0,0.5,0.75,0.5,1.25,0.387,352,0.11
15034,이재현,2003년 02월 04일,우투우타,서울이수초-선린중-서울고,22 삼성 1차,2025,삼성,22,SS,139,4.49,0.63,555,544,457,82,116,29,1,16,195,67,6,1,69,11,1,119,8,10,8,0.254,0.36,0.427,0.787,0.146,113.9,5.13
15035,김영웅,2003년 08월 24일,우투좌타,공주중동초-야로중-물금고,22 삼성 2차 1라운드 3순위,2025,삼성,22,3B,125,2.03,0.79,499,497,446,66,111,22,2,22,203,72,6,2,48,2,3,143,6,0,3,0.249,0.323,0.455,0.778,0.132,102.8,2.82
15036,김재혁,1999년 12월 26일,우투우타,제주남초-제주제일중-제주고-동아대,22 삼성 2차 2라운드 13순위,2025,삼성,26,CF,8,-0.02,-0.24,4,4,3,2,0,0,0,0,0,0,0,0,1,0,0,2,0,0,0,0,0.25,0,0.25,0.011,8.6,-0.26
15046,조세진,2003년 11월 21일,우투우타,성남중원-선린중-서울고,22 롯데 2차 1라운드 4순위,2025,롯데,22,CF,12,-0.01,-0.1,9,9,7,1,1,0,0,0,1,0,0,0,2,0,0,4,0,0,0,0.143,0.333,0.143,0.476,0.078,59,-0.11
15048,윤동희,2003년 09월 18일,우투우타,현산초-대원중-야탑고,22 롯데 2차 3라운드 24순위,2025,롯데,22,RF,97,2.57,0.56,399,396,330,54,93,21,1,9,143,53,4,2,49,11,2,65,12,3,6,0.282,0.386,0.433,0.819,0.159,128.9,3.14
15051,한태양,2003년 09월 15일,우투우타,역삼초-언북중-덕수고,22 롯데 2차 6라운드 54순위,2025,롯데,22,2B,108,1.68,-0.15,267,264,230,42,63,14,2,2,87,22,3,2,32,2,0,69,3,3,0,0.274,0.367,0.378,0.745,0.139,113.3,1.52
15056,김도영,2003년 10월 02일,우투우타,광주대성초-광주동성중-광주동성고,22 KIA 1차,2025,KIA,22,3B,30,1.11,0.22,122,121,110,20,34,9,0,7,64,27,3,0,10,0,1,23,3,0,2,0.309,0.361,0.582,0.943,0.181,152.4,1.33
15058,윤도현,2003년 05월 07일,우투우타,광주화정초-무등중-광주제일고,22 KIA 2차 2라운드 15순위,2025,KIA,22,2B,40,1,-0.62,160,158,149,24,41,7,2,6,70,17,2,1,8,1,0,36,1,2,0,0.275,0.316,0.47,0.786,0.133,112,0.38
15081,이주헌,2003년 03월 04일,우투우타,서울이수초-성남중-성남고,22 LG 2차 3라운드 27순위,2025,LG,22,C,76,1.03,-0.39,156,154,128,22,28,3,0,4,43,9,0,0,18,8,0,30,2,2,0,0.219,0.351,0.336,0.687,0.121,104.4,0.65
15084,최원영,2003년 07월 18일,우투우타,수영초-사직중-부산고,22 LG 2차 6라운드 57순위,2025,LG,22,LF,119,0.15,0.62,115,112,103,37,29,5,0,0,34,2,8,4,4,4,0,20,4,3,1,0.282,0.33,0.33,0.66,0.095,81.9,0.77
15085,김성우,2003년 11월 15일,우투우타,성동초-건대부중-배재고,22 LG 2차 7라운드 67순위,2025,LG,22,C,7,-0.04,-0.01,5,5,5,0,1,0,0,0,1,1,0,0,0,0,0,1,0,0,0,0.2,0.2,0.2,0.4,-0.014,-12.7,-0.04
15086,문정빈,2003년 08월 15일,우투우타,가동초-잠신중-서울고,22 LG 2차 8라운드 77순위,2025,LG,22,3B,21,-0.05,0.16,33,33,30,5,5,0,0,2,11,4,0,0,1,2,0,11,0,0,0,0.167,0.242,0.367,0.609,0.067,57.2,0.11
15092,안현민,2003년 08월 22일,우투우타,김해-개성중-마산고,22 KT 2차 4라운드 38순위,2025,KT,22,RF,112,6.63,0.14,482,478,395,72,132,19,4,22,225,80,7,1,75,9,5,72,4,0,3,0.334,0.448,0.57,1.018,0.226,182.7,6.77
15097,김병준,2003년 07월 03일,우투좌타,안산-안산중앙중-유신고,22 KT 2차 9라운드 88순위,2025,KT,22,LF,9,-0.05,0.01,5,5,5,2,1,0,0,0,1,0,0,0,0,0,0,2,0,0,0,0.2,0.2,0.2,0.4,-0.014,-10.9,-0.04
15100,김동준,2002년 09월 04일,좌투좌타,군산신풍초-군산중-군산상고,22 두산 2차 1라운드 9순위,2025,두산,23,DH,36,-0.26,-0.39,100,99,93,8,22,3,0,2,31,10,1,1,5,1,0,30,2,1,0,0.237,0.283,0.333,0.616,0.075,62.4,-0.65
15121,석정우,1999년 01월 20일,우투우타,동일초-경남중-경남고-연세대,22 SSG 육성선수,2025,SSG,26,3B,27,0.29,-0.47,54,54,49,3,13,1,0,2,20,4,0,0,4,1,0,18,1,0,0,0.265,0.333,0.408,0.741,0.125,100,-0.18
15122,임근우,1999년 07월 22일,우투우타,도곡초-휘문중-휘문고-홍익대,22 SSG 육성선수,2025,SSG,26,RF,3,-0.13,0.1,5,5,5,0,0,0,0,0,0,0,0,0,0,0,0,1,0,0,0,0,0,0,0,-0.17,-139,-0.03
15128,천현재,1999년 07월 05일,우투좌타,부산남구-신정중-부경고-성균관대,22 두산 육성선수,2025,두산,26,CF,3,-0.2,-0.02,3,3,3,0,0,0,0,0,0,0,0,0,0,0,0,0,1,0,0,0,0,0,0,-0.17,-151,-0.21
15132,박수종,1999년 02월 25일,우투우타,도신초-강남중-충암고-경성대,22 키움 육성선수,2025,키움,26,CF,38,-0.28,0.16,45,45,42,6,6,0,0,1,9,2,1,0,3,0,0,12,0,0,0,0.143,0.2,0.214,0.414,0.004,3.3,-0.12
15139,이상혁,2001년 09월 14일,우투좌타,군포-수원북중-장안고-강릉영동대,22 한화 육성선수,2025,한화,24,RF,39,-0.1,-0.2,12,11,10,14,2,1,0,0,3,2,3,4,0,1,0,3,0,1,0,0.2,0.273,0.3,0.573,0.06,51.3,-0.3
15253,김민석,2004년 05월 09일,우투좌타,신도초-휘문고,23 롯데 1라운드 3순위,2025,두산,21,LF,95,-0.8,-0.51,247,244,228,21,52,7,3,1,68,21,3,2,12,2,1,62,3,2,3,0.228,0.269,0.298,0.567,0.056,49.1,-1.31
15422,문현빈,2004년 04월 20일,우투좌타,유천초-온양중-북일고,23 한화 2라운드 11순위,2025,한화,21,LF,141,3.1,-0.69,592,585,528,71,169,30,2,12,239,80,17,6,38,10,2,82,11,5,11,0.32,0.37,0.453,0.823,0.149,124.2,2.42
15433,정해원,2004년 05월 21일,우투우타,신광초-덕수중-휘문고,23 KIA 3라운드 22순위,2025,KIA,21,RF,24,-0.57,0.18,46,46,40,5,3,0,0,0,3,0,0,0,5,1,0,14,4,0,0,0.075,0.196,0.075,0.271,-0.026,-22.6,-0.39
15451,박한결,2004년 04월 26일,우투우타,본리초-경복중-경북고,23 NC 2라운드 14순위,2025,NC,21,LF,8,0.02,-0.07,19,19,17,2,2,0,0,2,8,3,0,0,2,0,0,8,0,0,0,0.118,0.211,0.471,0.682,0.089,72,-0.05
15472,김건희,2004년 11월 07일,우투우타,대전신흥초-온양중-원주고,23 키움 1라운드 6순위,2025,키움,21,C,105,0.35,-0.05,344,337,322,24,78,20,2,3,111,25,2,1,13,0,0,102,10,7,2,0.242,0.27,0.345,0.615,0.07,63,0.3
15473,김동헌,2004년 07월 15일,우투우타,영등포-충암중-충암고,23 키움 2라운드 12순위,2025,키움,21,C,49,0.21,0.19,91,91,82,8,22,3,0,0,25,8,0,0,7,1,0,23,0,0,1,0.268,0.33,0.305,0.635,0.092,81.8,0.4
15476,이승원,2004년 07월 02일,우투우타,노원-상명중-덕수고,23 키움 4라운드 36순위,2025,키움,21,3B,1,-0.04,-0.08,2,2,2,0,0,0,0,0,0,0,0,0,0,0,0,0,0,0,0,0,0,0,0,-0.17,-151,-0.12
15483,서유신,2000년 08월 17일,우투우타,광주수창초-충장중-화순고-원광대,23 키움 11라운드 106순위,2025,키움,25,2B,6,-0.13,-0.05,8,8,7,0,0,0,0,0,0,0,0,0,1,0,0,4,0,0,0,0,0.125,0,0.125,-0.079,-78.4,-0.18
15507,박진우,2003년 10월 14일,우투우타,대전중구-현도중-청주고,23 삼성 11라운드 108순위,2025,삼성,22,C,1,-0.02,0,1,1,1,0,0,0,0,0,0,0,0,0,0,0,0,0,0,0,0,0,0,0,0,-0.17,-139.5,-0.02
15515,박민준,2002년 10월 21일,우투우타,마산동중-용마고-동강대,23 두산 8라운드 79순위,2025,두산,23,C,7,-0.04,-0.08,2,2,2,0,0,0,0,0,0,0,0,0,0,0,0,1,0,0,0,0,0,0,0,-0.17,-142.3,-0.12
15530,에레디아,1991년 01월 31일,좌투우타,-,23 SSG 자유선발,2025,SSG,34,LF,96,2.95,0.59,415,412,375,46,127,18,0,13,184,54,1,2,31,7,4,62,9,0,2,0.339,0.398,0.491,0.889,0.173,141,3.54
15532,오스틴,1993년 10월 14일,우투우타,-,23 LG 자유선발,2025,LG,32,1B,116,5.11,-0.25,499,494,425,82,133,25,1,31,253,95,3,0,61,2,7,62,11,0,11,0.313,0.393,0.595,0.988,0.199,171.6,4.86
15645,김동혁,2000년 09월 15일,좌투좌타,서화초-상인천중-제물포고-강릉영동대,22 롯데 2차 7라운드 64순위,2025,롯데,25,CF,93,0.32,0.5,114,110,89,19,20,4,1,0,26,6,13,4,18,3,0,26,3,4,0,0.225,0.373,0.292,0.665,0.126,100.7,0.83
15875,양도근,2003년 02월 06일,우투우타,동막초-상인천중-장안고-강릉영동대,24 삼성 육성선수,2025,삼성,22,2B,116,0.56,0.76,198,187,166,23,43,5,0,0,48,16,5,1,18,2,0,41,3,11,1,0.259,0.337,0.289,0.626,0.095,74.2,1.32
16013,김현종,2004년 08월 04일,우투우타,상인천초-동인천중-인천고,24 LG 2라운드 18순위,2025,LG,21,LF,10,0.1,-0.07,6,6,5,3,2,1,0,0,3,0,0,0,1,0,0,1,1,0,0,0.4,0.5,0.6,1.1,0.264,231.7,0.03
16014,손용준,2000년 02월 15일,우투우타,김해-김해내동중-김해고-동원과학기술대,24 LG 3라운드 28순위,2025,LG,25,DH,9,-0.11,-0.02,16,16,15,3,3,0,0,0,3,1,1,0,0,1,0,5,2,0,0,0.2,0.25,0.2,0.45,0.017,15.6,-0.13
16038,박지환,2005년 07월 12일,우투우타,군산남초-군산중-세광고,24 SSG 1라운드 10순위,2025,SSG,20,3B,31,-0.64,-0.31,68,65,60,3,9,0,0,0,9,4,0,1,4,0,0,19,1,3,1,0.15,0.2,0.15,0.35,-0.017,-14.2,-0.95
16039,이승민,2005년 01월 06일,좌투좌타,도곡초-휘문중-휘문고,24 SSG 2라운드 20순위,2025,SSG,20,DH,2,-0.06,0,5,5,5,0,1,0,0,0,1,0,0,0,0,0,0,2,0,0,0,0.2,0.2,0.2,0.4,-0.014,-11.4,-0.06
16042,정준재,2003년 01월 03일,우투좌타,상인천초-동인천중-강릉고-동국대,24 SSG 5라운드 50순위,2025,SSG,22,2B,132,1.67,0.17,442,426,371,58,91,10,3,0,107,25,37,8,51,3,0,93,4,16,1,0.245,0.34,0.288,0.628,0.101,81.7,1.84
16043,정현승,2001년 10월 24일,좌투좌타,현산초-부천중-덕수고,24 SSG 6라운드 60순위,2025,SSG,24,RF,3,0.08,-0.06,2,2,2,0,1,1,0,0,2,0,0,0,0,0,0,0,0,0,0,0.5,0.5,1,1.5,0.38,376,0.01
16061,고승완,2001년 03월 15일,우투좌타,광주대성초-무등중-광주동성고-연세대,24 NC 9라운드 85순위,2025,NC,24,DH,17,-0.06,-0.12,11,11,10,5,2,0,0,0,2,0,2,1,1,0,0,5,0,0,0,0.2,0.273,0.2,0.473,0.038,31.7,-0.18
16066,데이비슨,1991년 03월 26일,우투우타,-,24 NC 자유선발,2025,NC,34,1B,112,3.1,-0.38,439,439,386,63,113,18,0,36,239,97,1,0,31,8,1,118,10,0,14,0.293,0.346,0.619,0.965,0.184,149,2.72
16068,여동건,2005년 08월 04일,우투우타,가동초-자양중-서울고,24 두산 2라운드 12순위,2025,두산,20,2B,19,-0.26,0.3,21,21,19,6,2,0,0,0,2,2,0,1,2,0,0,2,1,0,0,0.105,0.19,0.105,0.295,-0.027,-23.9,0.03
16069,임종성,2005년 03월 03일,우투우타,본리초-대구중-경북고,24 두산 3라운드 22순위,2025,두산,20,3B,33,0.27,0.38,89,88,83,7,23,4,0,2,33,11,1,0,3,1,0,26,1,1,1,0.277,0.307,0.398,0.705,0.102,86.8,0.65
16072,전다민,2001년 08월 21일,우투좌타,길동초-청원중-설악고-강릉영동대,24 두산 6라운드 52순위,2025,두산,24,LF,22,-0.17,-0.14,12,12,12,5,1,0,0,0,1,0,3,0,0,0,0,0,1,0,0,0.083,0.083,0.083,0.166,-0.105,-88.6,-0.31
16076,류현준,2005년 03월 25일,우투우타,송파구-배재중-신일고,24 두산 10라운드 92순위,2025,두산,20,C,17,-0.26,-0.06,22,22,22,2,3,0,0,0,3,1,0,0,0,0,0,6,1,0,0,0.136,0.136,0.136,0.272,-0.063,-53.5,-0.32
16091,이호준,2004년 03월 20일,우투좌타,대구옥산초-경운중-상원고,24 롯데 3라운드 23순위,2025,롯데,21,SS,99,1.01,-0.21,153,150,132,20,32,7,4,3,56,23,1,0,14,3,0,33,3,3,1,0.242,0.327,0.424,0.751,0.13,105.1,0.8
16102,강승구,2003년 10월 19일,우투우타,동막초-상인천중-제물포고-강릉영동대,24 롯데 육성선수,2025,롯데,22,C,1,-0.02,0.01,1,1,1,0,0,0,0,0,0,0,0,0,0,0,0,0,0,0,0,0,0,0,0,-0.17,-129.6,-0.01
16106,레이예스,1994년 10월 05일,우투양타,-,24 롯데 자유선발,2025,롯데,31,LF,144,3.63,-0.42,643,627,573,75,187,44,1,13,272,107,7,1,58,3,17,66,25,0,9,0.326,0.386,0.475,0.861,0.156,124.8,3.21
16110,황영묵,1999년 10월 16일,우투좌타,수진초-성일중-충훈고,24 한화 4라운드 31순위,2025,한화,26,2B,117,0.86,-0.44,286,283,260,40,71,17,1,1,93,22,1,3,20,2,0,37,4,2,1,0.273,0.329,0.358,0.687,0.106,87.8,0.42
16124,이재상,2005년 04월 17일,우투우타,갈산초-성남중-성남고,24 키움 2라운드 16순위,2025,키움,20,SS,2,0.04,-0.13,2,2,2,0,1,0,0,0,1,0,0,0,0,0,0,1,0,0,0,0.5,0.5,0.5,1,0.22,156.2,-0.09
16128,고영우,2001년 06월 21일,우투우타,부산사상구-대동중-경남고-성균관대,24 키움 4라운드 39순위,2025,키움,24,2B,14,-0.13,-0.3,26,25,23,4,5,1,0,0,6,2,0,0,2,0,0,6,2,1,0,0.217,0.28,0.261,0.541,0.057,51.4,-0.43
16130,송지후,2005년 01월 08일,우투우타,광주수창초-진흥중-광주제일고,24 키움 6라운드 59순위,2025,키움,20,2B,33,-0.58,0.24,86,86,80,5,14,3,0,1,20,8,0,1,3,2,0,18,3,0,1,0.175,0.221,0.25,0.471,0.02,18.2,-0.34
16136,원성준,2000년 03월 31일,우투좌타,고명초-서울이수중-경기고-성균관대,24 키움 육성선수,2025,키움,25,LF,24,0.01,-0.03,53,53,46,5,8,1,0,2,15,4,0,0,7,0,0,18,1,0,0,0.174,0.283,0.326,0.609,0.085,78.7,-0.03
16156,카디네스,1997년 10월 10일,우투우타,-,24 삼성 자유선발,2025,키움,28,DH,86,0.37,-0.6,361,360,320,33,81,15,1,7,119,42,1,2,32,6,2,67,7,0,3,0.253,0.33,0.372,0.702,0.111,99.7,-0.23
16162,디아즈,1996년 11월 19일,좌투좌타,-,24 삼성 자유선발,2025,삼성,29,1B,144,4.81,0.99,628,621,551,93,173,32,0,50,355,158,1,0,60,6,10,100,15,0,11,0.314,0.381,0.644,1.025,0.205,159.7,5.8
16240,심재훈,2006년 03월 03일,우투우타,삼일초-평촌중-유신고,25 삼성 2라운드 13순위,2025,삼성,19,2B,31,-0.16,0.01,43,42,38,8,7,0,0,0,7,2,3,1,4,0,0,13,0,1,0,0.184,0.262,0.184,0.446,0.029,22.7,-0.15
16241,차승준,2006년 11월 20일,우투좌타,무학초-신월중-용마고,25 삼성 3라운드 23순위,2025,삼성,19,3B,1,-0.02,0,1,1,1,0,0,0,0,0,0,0,0,0,0,0,0,0,0,0,0,0,0,0,0,-0.17,-147.8,-0.02
16242,함수호,2006년 03월 10일,좌투좌타,구미-경복중-상원고,25 삼성 4라운드 33순위,2025,삼성,19,LF,6,-0.14,0.07,14,14,14,1,3,0,0,0,3,1,0,0,0,0,0,6,0,0,0,0.214,0.214,0.214,0.428,-0.003,-2.2,-0.07
16252,박재현,2006년 12월 08일,우투좌타,동막초-재능중-인천고,25 KIA 3라운드 25순위,2025,KIA,19,CF,58,-0.89,-0.6,69,69,62,11,5,1,0,0,6,3,4,3,6,0,0,26,0,0,1,0.081,0.159,0.097,0.256,-0.046,-38.5,-1.49
16260,박헌,2006년 01월 05일,좌투좌타,광주수창초-충장중-광주제일고,25 KIA 11라운드 105순위,2025,KIA,19,RF,8,-0.14,-0.06,14,14,12,0,1,0,0,0,1,0,0,0,1,1,0,3,0,0,0,0.083,0.214,0.083,0.297,-0.016,-14,-0.2
16262,위즈덤,1991년 08월 27일,우투우타,-,25 KIA 자유선발,2025,KIA,34,1B,119,3.48,0.02,486,485,424,73,100,20,1,35,227,85,3,0,52,4,2,142,9,0,6,0.236,0.321,0.535,0.856,0.155,131.4,3.49
16266,박재엽,2006년 01월 23일,우투우타,대연초-개성중-부산고,25 롯데 4라운드 34순위,2025,롯데,19,C,9,0.28,-0.05,16,16,14,2,4,1,0,1,8,3,0,0,2,0,0,5,0,0,0,0.286,0.375,0.571,0.946,0.195,148.3,0.22
16270,한승현,2006년 10월 29일,우투우타,강동구-건대부중-장충고,25 롯데 9라운드 84순위,2025,롯데,19,RF,19,-0.34,0.16,19,19,17,1,1,0,0,0,1,1,1,1,1,0,0,6,0,0,1,0.059,0.105,0.059,0.164,-0.091,-71.1,-0.18
16279,박관우,2006년 03월 22일,좌투좌타,경산-경운중-경북고,25 LG 5라운드 50순위,2025,LG,19,LF,39,0.18,-0.14,58,58,53,12,14,2,0,2,22,13,0,0,3,1,0,11,1,0,1,0.264,0.31,0.415,0.725,0.111,94.9,0.04
16287,박준순,2006년 07월 13일,우투우타,동대문-청량중-덕수고,25 두산 1라운드 6순위,2025,두산,19,3B,91,0.51,-0.56,298,295,282,34,80,11,2,4,107,19,10,2,10,1,1,56,6,2,3,0.284,0.307,0.379,0.686,0.096,82.2,-0.05
16291,이선우,2006년 04월 04일,우투좌타,일산서구-충암중-충암고,25 두산 5라운드 46순위,2025,두산,19,2B,10,-0.08,-0.04,11,11,11,0,2,1,0,0,3,0,0,0,0,0,0,2,0,0,0,0.182,0.182,0.273,0.455,0.001,0.9,-0.12
16294,김성재,2006년 05월 16일,우투우타,남양주야놀유소년-청원중-선린고,25 두산 8라운드 76순위,2025,두산,19,C,1,-0.02,0,1,1,1,0,0,0,0,0,0,0,0,0,0,0,0,0,0,0,0,0,0,0,0,-0.17,-133.6,-0.02
16300,케이브,1992년 12월 04일,좌투좌타,-,25 두산 자유선발,2025,두산,33,RF,136,4.02,0.28,593,592,538,72,161,28,6,16,249,87,17,1,43,4,1,116,7,0,8,0.299,0.351,0.463,0.814,0.146,125.4,4.3
16311,이민재,2004년 03월 07일,우투좌타,안산-안산중앙중-비봉고-동원과학기술대,25 한화 11라운드 102순위,2025,한화,21,RF,3,-0.11,0,4,4,4,0,0,0,0,0,0,0,0,0,0,0,0,1,1,0,0,0,0,0,0,-0.17,-137.9,-0.12
16312,플로리얼,1997년 11월 25일,우투좌타,-,25 한화 자유선발,2025,한화,28,CF,65,1.68,0.1,285,285,258,36,70,18,2,8,116,29,13,3,24,1,2,65,2,0,2,0.271,0.333,0.45,0.783,0.134,111.5,1.78
16314,이율예,2006년 11월 21일,우투우타,함안-양산원동중-강릉고,25 SSG 1라운드 8순위,2025,SSG,19,C,8,0.13,-0.05,13,13,13,3,3,0,0,3,12,7,0,0,0,0,0,6,0,0,0,0.231,0.231,0.923,1.154,0.229,185,0.08
16321,홍대인,2001년 11월 23일,우투좌타,서원초-세광중-세광고-사이버한국외대,25 SSG 9라운드 88순위,2025,SSG,24,DH,14,-0.08,-0.16,5,5,5,3,1,0,0,0,1,0,1,1,0,0,0,2,0,0,0,0.2,0.2,0.2,0.4,-0.014,-11.7,-0.24
16327,염승원,2006년 03월 20일,우투좌타,고명초-휘문중-휘문고,25 키움 2라운드 11순위,2025,키움,19,2B,11,-0.14,0.03,21,21,19,2,4,0,0,0,4,1,0,0,1,0,0,6,0,0,1,0.211,0.238,0.211,0.449,0.013,11.9,-0.1
16328,어준서,2006년 11월 27일,우투좌타,수유초-자양중-경기고,25 키움 3라운드 21순위,2025,키움,19,SS,116,0.88,-1.69,360,357,324,48,77,9,1,6,106,27,1,0,30,2,1,75,10,3,1,0.238,0.305,0.327,0.632,0.088,78.4,-0.81
16329,여동욱,2005년 11월 10일,우투우타,남도초-경복중-상원고,25 키움 3라운드 27순위,2025,키움,20,3B,28,-0.25,-0.12,61,60,53,6,7,1,0,2,14,2,0,0,7,0,0,21,2,1,0,0.132,0.233,0.264,0.497,0.043,35.9,-0.37
16332,전태현,2006년 03월 02일,우투좌타,양덕초-마산동중-용마고,25 키움 5라운드 41순위,2025,키움,19,2B,77,-0.13,-0.1,207,204,182,20,42,5,0,0,47,10,4,0,20,0,0,59,2,3,2,0.231,0.304,0.258,0.562,0.07,61.9,-0.23
16333,양현종,2006년 08월 15일,우투우타,옥산초-경복중-대구고,25 키움 6라운드 51순위,2025,키움,19,3B,12,-0.17,-0.09,14,14,12,1,1,0,0,0,1,0,0,0,2,0,0,5,0,0,0,0.083,0.214,0.083,0.297,-0.011,-10,-0.25
16334,권혁빈,2005년 11월 04일,우투우타,칠성초-경상중-대구고,25 키움 7라운드 61순위,2025,키움,20,2B,22,-0.22,-0.08,24,22,20,1,2,0,0,0,2,1,0,0,2,0,0,7,1,2,0,0.1,0.182,0.1,0.282,-0.033,-30.3,-0.3
16344,정현창,2006년 07월 14일,우투좌타,장유-신월중-부산공고,25 NC 7라운드 67순위,2025,NC,19,SS,4,-0.14,0,6,6,6,0,0,0,0,0,0,0,0,0,0,0,0,1,0,0,0,0,0,0,0,-0.17,-147.2,-0.14
16344,정현창,2006년 07월 14일,우투좌타,장유-신월중-부산공고,25 NC 7라운드 67순위,2025,KIA,19,SS,12,0.15,0.08,15,15,13,4,5,0,0,0,5,0,0,1,2,0,0,4,0,0,0,0.385,0.467,0.385,0.852,0.187,160.1,0.23
16363,김준상,2004년 08월 02일,우투좌타,부천원미-모가중-유신고-동의과학대,25 두산 육성선수,2025,두산,21,2B,9,-0.03,-0.11,17,16,15,1,3,1,0,0,4,0,0,0,0,1,0,8,0,1,0,0.2,0.25,0.267,0.517,0.037,32.9,-0.14
16372,이승현,2002년 07월 23일,우투좌타,부천원미-부천중-포철고-성균관대,25 한화 육성선수,2025,한화,23,2B,4,0.13,0.03,1,1,1,1,1,0,1,0,3,1,0,0,0,0,0,0,0,0,0,1,1,3,4,1.328,1314.7,0.16
16377,이태경,2002년 11월 24일,우투우타,송정초-무등중-광주제일고-한일장신대,25 롯데 육성선수,2025,롯데,23,2B,2,-0.02,0,1,1,1,0,0,0,0,0,0,0,0,0,0,0,0,1,0,0,0,0,0,0,0,-0.17,-129.6,-0.02
16378,박건우,2003년 02월 01일,우투우타,성동초-건대부중-장충고-고려대,25 롯데 육성선수,2025,롯데,22,C,6,0.11,-0.07,3,3,3,1,2,0,0,0,2,1,0,0,0,0,0,1,0,0,0,0.667,0.667,0.667,1.334,0.35,267.6,0.05
16390,맥브룸,1992년 04월 09일,좌투우타,-,25 SSG 부상 대체 외국인선수,2025,SSG,33,RF,22,-0.26,0.1,80,78,74,8,15,3,0,4,30,11,0,0,5,1,2,28,2,0,0,0.203,0.263,0.405,0.668,0.078,62.8,-0.17
16393,스톤,1995년 11월 22일,우투우타,-,25 키움 부상 대체 외국인선수,2025,키움,30,RF,22,-0.3,-0.34,93,93,87,4,21,0,0,2,27,15,0,0,5,0,0,24,2,0,1,0.241,0.28,0.31,0.59,0.066,59.9,-0.64
16395,박찬형,2002년 10월 17일,우투좌타,중대초-언북중-배재고,25 롯데 육성선수,2025,롯데,23,3B,48,1.42,-0.23,148,147,129,21,44,8,2,3,65,19,1,1,11,7,1,26,1,0,1,0.341,0.419,0.504,0.923,0.19,152.1,1.19
16396,리베라토,1995년 12월 18일,좌투좌타,-,25 한화 부상 대체 외국인선수,2025,한화,30,CF,62,2.46,-0.47,273,273,246,41,77,18,2,10,129,39,1,0,23,0,0,47,3,0,4,0.313,0.366,0.524,0.89,0.172,143.1,2
16402,스티븐슨,1994년 06월 01일,좌투좌타,-,25 KT 자유선발,2025,KT,31,CF,39,0.76,-0.3,168,167,149,26,39,12,0,3,60,14,2,0,14,4,0,43,2,1,0,0.262,0.341,0.403,0.744,0.129,104.5,0.45
